country;group;week;zscore
Austria;Total;2018-52;0.99
Austria;Total;2019-01;0.56
Austria;Total;2019-02;1.48
Austria;Total;2019-03;0.25
Austria;Total;2019-04;1.32
Austria;Total;2019-05;1.79
Austria;Total;2019-06;2.59
Austria;Total;2019-07;3.07
Austria;Total;2019-08;2.22
Austria;Total;2019-09;2.51
Austria;Total;2019-10;3.53
Austria;Total;2019-11;3.16
Austria;Total;2019-12;0.93
Austria;Total;2019-13;1.68
Austria;Total;2019-14;1.07
Austria;Total;2019-15;0.45
Austria;Total;2019-16;1.01
Austria;Total;2019-17;0.19
Austria;Total;2019-18;-0.77
Austria;Total;2019-19;0.04
Austria;Total;2019-20;1.15
Austria;Total;2019-21;0.64
Austria;Total;2019-22;0.85
Austria;Total;2019-23;1.78
Austria;Total;2019-24;2.27
Austria;Total;2019-25;0.11
Austria;Total;2019-26;0.85
Austria;Total;2019-27;1.78
Austria;Total;2019-28;-1.29
Austria;Total;2019-29;0.24
Austria;Total;2019-30;2
Austria;Total;2019-31;0.33
Austria;Total;2019-32;-0.31
Austria;Total;2019-33;-0.63
Austria;Total;2019-34;0.26
Austria;Total;2019-35;0.78
Austria;Total;2019-36;-0.67
Austria;Total;2019-37;-0.96
Austria;Total;2019-38;-0.37
Austria;Total;2019-39;1.48
Austria;Total;2019-40;0.33
Austria;Total;2019-41;0.91
Austria;Total;2019-42;-0.69
Austria;Total;2019-43;-0.33
Austria;Total;2019-44;-0.75
Austria;Total;2019-45;-0.36
Austria;Total;2019-46;-0.59
Austria;Total;2019-47;-0.74
Austria;Total;2019-48;-0.46
Austria;Total;2019-49;-0.26
Austria;Total;2019-50;0.48
Austria;Total;2019-51;-0.67
Austria;Total;2019-52;-0.21
Austria;Total;2020-01;-0.48
Austria;Total;2020-02;0.73
Austria;Total;2020-03;2.28
Austria;Total;2020-04;1.94
Austria;Total;2020-05;4.04
Austria;Total;2020-06;1.34
Austria;Total;2020-07;3.69
Austria;Total;2020-08;1.32
Austria;Total;2020-09;2.21
Austria;Total;2020-10;2.25
Austria;Total;2020-11;2.04
Austria;Total;2020-12;3.68
Austria;Total;2020-13;2.76
Austria;Total;2020-14;4
Austria;Total;2020-15;3.73
Austria;Total;2020-16;2.44
Austria;Total;2020-17;0.88
Austria;Total;2020-18;-0.68
Austria;Total;2020-19;0.15
Austria;Total;2020-20;-0.03
Austria;Total;2020-21;-0.18
Austria;Total;2020-22;-1.03
Austria;Total;2020-23;0.26
Austria;Total;2020-24;-0.16
Austria;Total;2020-25;-0.98
Austria;Total;2020-26;-0.38
Austria;Total;2020-27;1.82
Austria;Total;2020-28;-1.08
Austria;Total;2020-29;0
Austria;Total;2020-30;-0.07
Austria;Total;2020-31;1.25
Austria;Total;2020-32;-0.6
Austria;Total;2020-33;2.18
Austria;Total;2020-34;0.04
Austria;Total;2020-35;0.19
Austria;Total;2020-36;0.42
Austria;Total;2020-37;1.01
Austria;Total;2020-38;0.77
Austria;Total;2020-39;-0.06
Austria;Total;2020-40;0.49
Austria;Total;2020-41;0.85
Austria;Total;2020-42;0.45
Austria;Total;2020-43;2.94
Austria;Total;2020-44;4.26
Austria;Total;2020-45;5.71
Austria;Total;2020-46;9.19
Austria;Total;2020-47;10.97
Austria;Total;2020-48;10.88
Austria;Total;2020-49;11.99
Austria;Total;2020-50;11.11
Austria;Total;2020-51;8.12
Austria;Total;2020-52;6.29
Austria;Total;2020-53;4.63
Austria;Total;2021-01;3.91
Austria;Total;2021-02;3.87
Austria;Total;2021-03;4.38
Austria;Total;2021-04;3.66
Austria;Total;2021-05;2.65
Austria;Total;2021-06;1.55
Austria;Total;2021-07;1.01
Austria;Total;2021-08;0.37
Austria;Total;2021-09;-0.81
Austria;Total;2021-10;1.86
Austria;Total;2021-11;1.28
Austria;Total;2021-12;0.76
Austria;Total;2021-13;2.69
Austria;Total;2021-14;1.4
Austria;Total;2021-15;2.07
Austria;Total;2021-16;2.19
Austria;Total;2021-17;2.32
Austria;Total;2021-18;2.09
Austria;Total;2021-19;1.37
Austria;Total;2021-20;0.17
Austria;Total;2021-21;-0.05
Austria;Total;2021-22;1.83
Austria;Total;2021-23;1.13
Austria;Total;2021-24;1.84
Austria;Total;2021-25;2.63
Austria;Total;2021-26;0.69
Austria;Total;2021-27;-0.05
Austria;Total;2021-28;-0.02
Austria;Total;2021-29;1.86
Austria;Total;2021-30;0.9
Austria;Total;2021-31;-0.15
Austria;Total;2021-32;2.25
Austria;Total;2021-33;2.08
Austria;Total;2021-34;1.28
Austria;Total;2021-35;0.63
Austria;Total;2021-36;2
Austria;Total;2021-37;0.74
Austria;Total;2021-38;0.72
Austria;Total;2021-39;1.86
Austria;Total;2021-40;0.75
Austria;Total;2021-41;0.9
Austria;Total;2021-42;1.67
Austria;Total;2021-43;4.17
Austria;Total;2021-44;4.71
Austria;Total;2021-45;5.85
Austria;Total;2021-46;6.54
Austria;Total;2021-47;6.91
Austria;Total;2021-48;7.25
Austria;Total;2021-49;5.99
Austria;Total;2021-50;3.33
Austria;Total;2021-51;2.3
Austria;Total;2021-52;2.51
Austria;Total;2022-01;0.71
Austria;Total;2022-02;-0.42
Austria;Total;2022-03;1.35
Austria;Total;2022-04;1.02
Austria;Total;2022-05;1.35
Austria;Total;2022-06;2.54
Austria;Total;2022-07;3.23
Austria;Total;2022-08;2.56
Austria;Total;2022-09;4.25
Austria;Total;2022-10;2.91
Austria;Total;2022-11;4.14
Austria;Total;2022-12;5.43
Austria;Total;2022-13;4.89
Austria;Total;2022-14;5.33
Austria;Total;2022-15;3.31
Austria;Total;2022-16;1.17
Austria;Total;2022-17;1.78
Austria;Total;2022-18;1.56
Austria;Total;2022-19;0.57
Austria;Total;2022-20;1.27
Austria;Total;2022-21;0.33
Austria;Total;2022-22;1.19
Austria;Total;2022-23;1.28
Austria;Total;2022-24;2.51
Austria;Total;2022-25;2.48
Austria;Total;2022-26;2.7
Austria;Total;2022-27;1.82
Austria;Total;2022-28;1.54
Austria;Total;2022-29;5.74
Austria;Total;2022-30;3.88
Austria;Total;2022-31;2.53
Austria;Total;2022-32;0.82
Austria;Total;2022-33;2.95
Austria;Total;2022-34;0.46
Austria;Total;2022-35;-1.13
Austria;Total;2022-36;-0.09
Austria;Total;2022-37;0.44
Austria;Total;2022-38;1.27
Austria;Total;2022-39;2.61
Austria;Total;2022-40;4.28
Austria;Total;2022-41;2.34
Austria;Total;2022-42;2.62
Austria;Total;2022-43;2.97
Austria;Total;2022-44;1.04
Austria;Total;2022-45;0.87
Austria;Total;2022-46;1.37
Austria;Total;2022-47;1.07
Austria;Total;2022-48;2.46
Austria;Total;2022-49;2.88
Austria;Total;2022-50;6.21
Austria;Total;2022-51;7.84
Austria;Total;2022-52;7.74
Austria;Total;2023-01;8.26
Austria;Total;2023-02;5.27
Austria;Total;2023-03;1.8
Austria;Total;2023-04;0.74
Austria;Total;2023-05;0.76
Austria;Total;2023-06;-0.18
Austria;Total;2023-07;0.83
Austria;Total;2023-08;2.49
Austria;Total;2023-09;2.21
Austria;Total;2023-10;2.7
Austria;Total;2023-11;2.36
Austria;Total;2023-12;1.74
Austria;Total;2023-13;0.96
Austria;Total;2023-14;0.93
Austria;Total;2023-15;0.93
Austria;Total;2023-16;2.11
Austria;Total;2023-17;0.95
Austria;Total;2023-18;0.18
Austria;Total;2023-19;0.83
Austria;Total;2023-20;-0.49
Austria;Total;2023-21;-0.07
Austria;Total;2023-22;-0.15
Austria;Total;2023-23;-0.69
Austria;Total;2023-24;-0.04
Austria;Total;2023-25;1.03
Austria;Total;2023-26;-1.3
Austria;Total;2023-27;0.16
Austria;Total;2023-28;0.44
Austria;Total;2023-29;0.57
Austria;Total;2023-30;-0.84
Austria;Total;2023-31;-1.28
Austria;Total;2023-32;0.23
Austria;Total;2023-33;0.59
Austria;Total;2023-34;1
Austria;Total;2023-35;-2.01
Austria;Total;2023-36;-0.45
Austria;Total;2023-37;0.45
Austria;Total;2023-38;-0.96
Austria;Total;2023-39;-1.58
Austria;Total;2023-40;-0.92
Austria;Total;2023-41;-0.45
Austria;Total;2023-42;0.33
Austria;Total;2023-43;1.54
Austria;Total;2023-44;0.86
Austria;Total;2023-45;0.87
Austria;Total;2023-46;1.94
Austria;Total;2023-47;1.58
Austria;Total;2023-48;3.44
Austria;Total;2023-49;1.91
Austria;Total;2023-50;3.16
Austria;Total;2023-51;4.45
Austria;Total;2023-52;2.78
Austria;Total;2024-01;2.54
Austria;Total;2024-02;2.5
Austria;Total;2024-03;2.53
Austria;Total;2024-04;2.3
Austria;Total;2024-05;1.92
Austria;Total;2024-06;3.29
Austria;Total;2024-07;1.63
Austria;Total;2024-08;1.12
Austria;Total;2024-09;0.73
Austria;Total;2024-10;-0.54
Austria;Total;2024-11;-1.13
Austria;Total;2024-12;-1.92
Austria;Total;2024-13;-0.4
Austria;Total;2024-14;-1.23
Austria;Total;2024-15;-0.78
Austria;Total;2024-16;-1.88
Austria;Total;2024-17;-1.04
Austria;Total;2024-18;-0.23
Austria;Total;2024-19;-2.26
Austria;Total;2024-20;-0.52
Austria;Total;2024-21;-0.06
Austria;Total;2024-22;-0.98
Austria;Total;2024-23;-0.11
Austria;Total;2024-24;-1.14
Austria;Total;2024-25;-0.16
Austria;Total;2024-26;-0.12
Austria;Total;2024-27;-1.15
Austria;Total;2024-28;1.79
Austria;Total;2024-29;0.76
Austria;Total;2024-30;0.57
Austria;Total;2024-31;0.42
Austria;Total;2024-32;-1.79
Austria;Total;2024-33;-1.08
Austria;Total;2024-34;-0.91
Austria;Total;2024-35;-0.55
Austria;Total;2024-36;0.35
Austria;Total;2024-37;0.16
Austria;Total;2024-38;-0.32
Austria;Total;2024-39;0.66
Austria;Total;2024-40;1.03
Austria;Total;2024-41;2.38
Austria;Total;2024-42;0.78
Austria;Total;2024-43;-0.2
Austria;Total;2024-44;0.07
Austria;Total;2024-45;-0.83
Austria;Total;2024-46;-0.24
Austria;Total;2024-47;0.12
Austria;Total;2024-48;-1
Austria;Total;2024-49;0.85
Austria;Total;2024-50;-0.32
Belgium;Total;2018-52;1.48
Belgium;Total;2019-01;1.88
Belgium;Total;2019-02;2.24
Belgium;Total;2019-03;1.82
Belgium;Total;2019-04;2.61
Belgium;Total;2019-05;2.62
Belgium;Total;2019-06;4.07
Belgium;Total;2019-07;2.93
Belgium;Total;2019-08;3.06
Belgium;Total;2019-09;3.09
Belgium;Total;2019-10;2.89
Belgium;Total;2019-11;2.37
Belgium;Total;2019-12;0.84
Belgium;Total;2019-13;-0.21
Belgium;Total;2019-14;1.41
Belgium;Total;2019-15;-0.71
Belgium;Total;2019-16;0.84
Belgium;Total;2019-17;0.33
Belgium;Total;2019-18;0.26
Belgium;Total;2019-19;0.41
Belgium;Total;2019-20;0.71
Belgium;Total;2019-21;0.59
Belgium;Total;2019-22;0.03
Belgium;Total;2019-23;0.46
Belgium;Total;2019-24;-0.89
Belgium;Total;2019-25;0.28
Belgium;Total;2019-26;1.06
Belgium;Total;2019-27;0.69
Belgium;Total;2019-28;-1.01
Belgium;Total;2019-29;0.04
Belgium;Total;2019-30;4.82
Belgium;Total;2019-31;0.44
Belgium;Total;2019-32;-1.19
Belgium;Total;2019-33;-1.13
Belgium;Total;2019-34;-0.31
Belgium;Total;2019-35;1.55
Belgium;Total;2019-36;-0.53
Belgium;Total;2019-37;-0.82
Belgium;Total;2019-38;-0.08
Belgium;Total;2019-39;-0.46
Belgium;Total;2019-40;1.14
Belgium;Total;2019-41;-0.14
Belgium;Total;2019-42;-0.08
Belgium;Total;2019-43;1.03
Belgium;Total;2019-44;-0.84
Belgium;Total;2019-45;-0.11
Belgium;Total;2019-46;-0.33
Belgium;Total;2019-47;1.4
Belgium;Total;2019-48;0.61
Belgium;Total;2019-49;0.68
Belgium;Total;2019-50;1.34
Belgium;Total;2019-51;2.37
Belgium;Total;2019-52;0.39
Belgium;Total;2020-01;1.16
Belgium;Total;2020-02;2.79
Belgium;Total;2020-03;1.82
Belgium;Total;2020-04;0.71
Belgium;Total;2020-05;2.29
Belgium;Total;2020-06;0.39
Belgium;Total;2020-07;1.8
Belgium;Total;2020-08;1.67
Belgium;Total;2020-09;1.1
Belgium;Total;2020-10;0.89
Belgium;Total;2020-11;1.45
Belgium;Total;2020-12;4.86
Belgium;Total;2020-13;11.24
Belgium;Total;2020-14;19.15
Belgium;Total;2020-15;21.88
Belgium;Total;2020-16;16.77
Belgium;Total;2020-17;10.76
Belgium;Total;2020-18;4.21
Belgium;Total;2020-19;4.43
Belgium;Total;2020-20;0.82
Belgium;Total;2020-21;1.49
Belgium;Total;2020-22;0.32
Belgium;Total;2020-23;-1.68
Belgium;Total;2020-24;-0.27
Belgium;Total;2020-25;-0.88
Belgium;Total;2020-26;0.88
Belgium;Total;2020-27;-1.55
Belgium;Total;2020-28;-2.51
Belgium;Total;2020-29;-0.33
Belgium;Total;2020-30;-0.7
Belgium;Total;2020-31;0.77
Belgium;Total;2020-32;1.68
Belgium;Total;2020-33;10.75
Belgium;Total;2020-34;3.66
Belgium;Total;2020-35;-0.28
Belgium;Total;2020-36;-0.28
Belgium;Total;2020-37;-0.88
Belgium;Total;2020-38;0.76
Belgium;Total;2020-39;-0.24
Belgium;Total;2020-40;-0.04
Belgium;Total;2020-41;1.09
Belgium;Total;2020-42;2.02
Belgium;Total;2020-43;6.95
Belgium;Total;2020-44;13.32
Belgium;Total;2020-45;16.72
Belgium;Total;2020-46;14.15
Belgium;Total;2020-47;11.49
Belgium;Total;2020-48;8.6
Belgium;Total;2020-49;6.24
Belgium;Total;2020-50;6.84
Belgium;Total;2020-51;6.07
Belgium;Total;2020-52;4.81
Belgium;Total;2020-53;3.01
Belgium;Total;2021-01;3.21
Belgium;Total;2021-02;2.45
Belgium;Total;2021-03;2.72
Belgium;Total;2021-04;2.53
Belgium;Total;2021-05;1.29
Belgium;Total;2021-06;0.65
Belgium;Total;2021-07;1.62
Belgium;Total;2021-08;-0.17
Belgium;Total;2021-09;-1.36
Belgium;Total;2021-10;0.3
Belgium;Total;2021-11;-0.33
Belgium;Total;2021-12;-0.07
Belgium;Total;2021-13;1.5
Belgium;Total;2021-14;1.31
Belgium;Total;2021-15;1.02
Belgium;Total;2021-16;1.84
Belgium;Total;2021-17;1.86
Belgium;Total;2021-18;2.58
Belgium;Total;2021-19;0.55
Belgium;Total;2021-20;0.22
Belgium;Total;2021-21;0.14
Belgium;Total;2021-22;0.34
Belgium;Total;2021-23;-0.92
Belgium;Total;2021-24;-0.01
Belgium;Total;2021-25;-1.83
Belgium;Total;2021-26;-0.04
Belgium;Total;2021-27;-0.97
Belgium;Total;2021-28;-0.16
Belgium;Total;2021-29;1.15
Belgium;Total;2021-30;-0.24
Belgium;Total;2021-31;-0.36
Belgium;Total;2021-32;-0.13
Belgium;Total;2021-33;-0.93
Belgium;Total;2021-34;-0.84
Belgium;Total;2021-35;0.08
Belgium;Total;2021-36;0.92
Belgium;Total;2021-37;-0.76
Belgium;Total;2021-38;-0.98
Belgium;Total;2021-39;-0.43
Belgium;Total;2021-40;0.51
Belgium;Total;2021-41;2.37
Belgium;Total;2021-42;3.55
Belgium;Total;2021-43;3.1
Belgium;Total;2021-44;2.35
Belgium;Total;2021-45;3.3
Belgium;Total;2021-46;3.2
Belgium;Total;2021-47;4.12
Belgium;Total;2021-48;6.31
Belgium;Total;2021-49;4.85
Belgium;Total;2021-50;3.89
Belgium;Total;2021-51;3.08
Belgium;Total;2021-52;2.89
Belgium;Total;2022-01;1.95
Belgium;Total;2022-02;0.47
Belgium;Total;2022-03;1.87
Belgium;Total;2022-04;3.44
Belgium;Total;2022-05;4.52
Belgium;Total;2022-06;3.72
Belgium;Total;2022-07;2.71
Belgium;Total;2022-08;1.35
Belgium;Total;2022-09;-0.08
Belgium;Total;2022-10;2.59
Belgium;Total;2022-11;2.51
Belgium;Total;2022-12;2.57
Belgium;Total;2022-13;3.94
Belgium;Total;2022-14;4.61
Belgium;Total;2022-15;3.88
Belgium;Total;2022-16;2.86
Belgium;Total;2022-17;1.56
Belgium;Total;2022-18;2.33
Belgium;Total;2022-19;0.26
Belgium;Total;2022-20;0.97
Belgium;Total;2022-21;-1.01
Belgium;Total;2022-22;0.59
Belgium;Total;2022-23;-0.49
Belgium;Total;2022-24;1.72
Belgium;Total;2022-25;0.79
Belgium;Total;2022-26;0.04
Belgium;Total;2022-27;1.18
Belgium;Total;2022-28;1.53
Belgium;Total;2022-29;2.42
Belgium;Total;2022-30;1.15
Belgium;Total;2022-31;1.53
Belgium;Total;2022-32;2.5
Belgium;Total;2022-33;2.14
Belgium;Total;2022-34;1.42
Belgium;Total;2022-35;0.35
Belgium;Total;2022-36;0.51
Belgium;Total;2022-37;-0.88
Belgium;Total;2022-38;0.62
Belgium;Total;2022-39;1.22
Belgium;Total;2022-40;2.41
Belgium;Total;2022-41;2.36
Belgium;Total;2022-42;1.95
Belgium;Total;2022-43;1.33
Belgium;Total;2022-44;-0.62
Belgium;Total;2022-45;-0.32
Belgium;Total;2022-46;-0.14
Belgium;Total;2022-47;0.99
Belgium;Total;2022-48;1.31
Belgium;Total;2022-49;3.81
Belgium;Total;2022-50;4.87
Belgium;Total;2022-51;8.51
Belgium;Total;2022-52;6.68
Belgium;Total;2023-01;5.88
Belgium;Total;2023-02;4.55
Belgium;Total;2023-03;1.6
Belgium;Total;2023-04;1.28
Belgium;Total;2023-05;1.74
Belgium;Total;2023-06;1.36
Belgium;Total;2023-07;2.15
Belgium;Total;2023-08;1.16
Belgium;Total;2023-09;1.45
Belgium;Total;2023-10;2.36
Belgium;Total;2023-11;1.43
Belgium;Total;2023-12;1.35
Belgium;Total;2023-13;1.24
Belgium;Total;2023-14;-0.11
Belgium;Total;2023-15;-0.06
Belgium;Total;2023-16;-0.55
Belgium;Total;2023-17;-1.08
Belgium;Total;2023-18;-0.98
Belgium;Total;2023-19;0.47
Belgium;Total;2023-20;0.09
Belgium;Total;2023-21;-0.98
Belgium;Total;2023-22;-0.67
Belgium;Total;2023-23;1.63
Belgium;Total;2023-24;1.9
Belgium;Total;2023-25;-0.58
Belgium;Total;2023-26;-0.33
Belgium;Total;2023-27;-0.13
Belgium;Total;2023-28;0.29
Belgium;Total;2023-29;-2.01
Belgium;Total;2023-30;-0.99
Belgium;Total;2023-31;-1.7
Belgium;Total;2023-32;-0.32
Belgium;Total;2023-33;0.17
Belgium;Total;2023-34;0.12
Belgium;Total;2023-35;-1.3
Belgium;Total;2023-36;0.81
Belgium;Total;2023-37;1.28
Belgium;Total;2023-38;-1.44
Belgium;Total;2023-39;-0.2
Belgium;Total;2023-40;-0.34
Belgium;Total;2023-41;-0.41
Belgium;Total;2023-42;1.06
Belgium;Total;2023-43;1.4
Belgium;Total;2023-44;-0.18
Belgium;Total;2023-45;-0.36
Belgium;Total;2023-46;1.32
Belgium;Total;2023-47;1.14
Belgium;Total;2023-48;1.46
Belgium;Total;2023-49;2.78
Belgium;Total;2023-50;2.84
Belgium;Total;2023-51;2.88
Belgium;Total;2023-52;2.49
Belgium;Total;2024-01;2.05
Belgium;Total;2024-02;3.16
Belgium;Total;2024-03;3.7
Belgium;Total;2024-04;4.16
Belgium;Total;2024-05;3.32
Belgium;Total;2024-06;2.45
Belgium;Total;2024-07;1.56
Belgium;Total;2024-08;0.44
Belgium;Total;2024-09;0.57
Belgium;Total;2024-10;0.75
Belgium;Total;2024-11;-0.35
Belgium;Total;2024-12;-0.44
Belgium;Total;2024-13;0.22
Belgium;Total;2024-14;0.16
Belgium;Total;2024-15;0.36
Belgium;Total;2024-16;-0.45
Belgium;Total;2024-17;0.46
Belgium;Total;2024-18;0.93
Belgium;Total;2024-19;-1.04
Belgium;Total;2024-20;0.11
Belgium;Total;2024-21;-1.85
Belgium;Total;2024-22;-1.95
Belgium;Total;2024-23;-0.01
Belgium;Total;2024-24;0.74
Belgium;Total;2024-25;0.66
Belgium;Total;2024-26;2.58
Belgium;Total;2024-27;-0.2
Belgium;Total;2024-28;-0.46
Belgium;Total;2024-29;1.19
Belgium;Total;2024-30;1.23
Belgium;Total;2024-31;0.71
Belgium;Total;2024-32;0.39
Belgium;Total;2024-33;0.37
Belgium;Total;2024-34;0.2
Belgium;Total;2024-35;-1.16
Belgium;Total;2024-36;-0.61
Belgium;Total;2024-37;-1.08
Belgium;Total;2024-38;0.56
Belgium;Total;2024-39;0.53
Belgium;Total;2024-40;0.95
Belgium;Total;2024-41;0.73
Belgium;Total;2024-42;1
Belgium;Total;2024-43;0.64
Belgium;Total;2024-44;-1.04
Belgium;Total;2024-45;-1.16
Belgium;Total;2024-46;-0.16
Belgium;Total;2024-47;0.24
Belgium;Total;2024-48;1.73
Belgium;Total;2024-49;1.84
Belgium;Total;2024-50;1.93
Cyprus;Total;2018-52;-0.3
Cyprus;Total;2019-01;1.38
Cyprus;Total;2019-02;2.95
Cyprus;Total;2019-03;2.57
Cyprus;Total;2019-04;2.41
Cyprus;Total;2019-05;2.46
Cyprus;Total;2019-06;2.86
Cyprus;Total;2019-07;1.46
Cyprus;Total;2019-08;1.06
Cyprus;Total;2019-09;1.45
Cyprus;Total;2019-10;0.64
Cyprus;Total;2019-11;1.13
Cyprus;Total;2019-12;-0.24
Cyprus;Total;2019-13;0.82
Cyprus;Total;2019-14;-0.04
Cyprus;Total;2019-15;-0.62
Cyprus;Total;2019-16;1.15
Cyprus;Total;2019-17;0.84
Cyprus;Total;2019-18;1.96
Cyprus;Total;2019-19;-1.16
Cyprus;Total;2019-20;0.29
Cyprus;Total;2019-21;1.36
Cyprus;Total;2019-22;2.32
Cyprus;Total;2019-23;-1.28
Cyprus;Total;2019-24;-0.5
Cyprus;Total;2019-25;0.75
Cyprus;Total;2019-26;-0.38
Cyprus;Total;2019-27;1.42
Cyprus;Total;2019-28;2.49
Cyprus;Total;2019-29;-0.95
Cyprus;Total;2019-30;-2.85
Cyprus;Total;2019-31;-0.06
Cyprus;Total;2019-32;1.68
Cyprus;Total;2019-33;-1.65
Cyprus;Total;2019-34;1.17
Cyprus;Total;2019-35;1.06
Cyprus;Total;2019-36;0.01
Cyprus;Total;2019-37;0.3
Cyprus;Total;2019-38;-1.23
Cyprus;Total;2019-39;-0.59
Cyprus;Total;2019-40;0.45
Cyprus;Total;2019-41;0.62
Cyprus;Total;2019-42;-0.48
Cyprus;Total;2019-43;-0.65
Cyprus;Total;2019-44;-0.65
Cyprus;Total;2019-45;-0.9
Cyprus;Total;2019-46;0.32
Cyprus;Total;2019-47;-1.47
Cyprus;Total;2019-48;1.21
Cyprus;Total;2019-49;0.13
Cyprus;Total;2019-50;0.06
Cyprus;Total;2019-51;2.7
Cyprus;Total;2019-52;-0.59
Cyprus;Total;2020-01;1.99
Cyprus;Total;2020-02;2.13
Cyprus;Total;2020-03;2.55
Cyprus;Total;2020-04;2.12
Cyprus;Total;2020-05;2.57
Cyprus;Total;2020-06;1.7
Cyprus;Total;2020-07;-1.06
Cyprus;Total;2020-08;1.53
Cyprus;Total;2020-09;1.08
Cyprus;Total;2020-10;-0.64
Cyprus;Total;2020-11;0.37
Cyprus;Total;2020-12;1.09
Cyprus;Total;2020-13;1.09
Cyprus;Total;2020-14;1.02
Cyprus;Total;2020-15;-1.28
Cyprus;Total;2020-16;0.1
Cyprus;Total;2020-17;-0.39
Cyprus;Total;2020-18;0.02
Cyprus;Total;2020-19;-0.81
Cyprus;Total;2020-20;1.66
Cyprus;Total;2020-21;5.29
Cyprus;Total;2020-22;-0.74
Cyprus;Total;2020-23;0.77
Cyprus;Total;2020-24;-1.91
Cyprus;Total;2020-25;-0.95
Cyprus;Total;2020-26;-0.54
Cyprus;Total;2020-27;0.1
Cyprus;Total;2020-28;0.06
Cyprus;Total;2020-29;-0.42
Cyprus;Total;2020-30;0.28
Cyprus;Total;2020-31;0.13
Cyprus;Total;2020-32;-2.06
Cyprus;Total;2020-33;-1.17
Cyprus;Total;2020-34;-0.32
Cyprus;Total;2020-35;-0.18
Cyprus;Total;2020-36;-1.53
Cyprus;Total;2020-37;0.82
Cyprus;Total;2020-38;-1.11
Cyprus;Total;2020-39;-0.82
Cyprus;Total;2020-40;-0.21
Cyprus;Total;2020-41;-0.88
Cyprus;Total;2020-42;-0.71
Cyprus;Total;2020-43;-0.2
Cyprus;Total;2020-44;-0.62
Cyprus;Total;2020-45;-0.54
Cyprus;Total;2020-46;0.57
Cyprus;Total;2020-47;-0.95
Cyprus;Total;2020-48;0.76
Cyprus;Total;2020-49;0.97
Cyprus;Total;2020-50;2.09
Cyprus;Total;2020-51;2
Cyprus;Total;2020-52;1.36
Cyprus;Total;2020-53;3.04
Cyprus;Total;2021-01;3.04
Cyprus;Total;2021-02;0.36
Cyprus;Total;2021-03;1.02
Cyprus;Total;2021-04;2.47
Cyprus;Total;2021-05;2.2
Cyprus;Total;2021-06;-0.55
Cyprus;Total;2021-07;1.02
Cyprus;Total;2021-08;0.56
Cyprus;Total;2021-09;0.02
Cyprus;Total;2021-10;-0.39
Cyprus;Total;2021-11;0.63
Cyprus;Total;2021-12;0.09
Cyprus;Total;2021-13;1.14
Cyprus;Total;2021-14;2.34
Cyprus;Total;2021-15;3.47
Cyprus;Total;2021-16;2.03
Cyprus;Total;2021-17;2.06
Cyprus;Total;2021-18;3.21
Cyprus;Total;2021-19;-0.48
Cyprus;Total;2021-20;-1.87
Cyprus;Total;2021-21;0.35
Cyprus;Total;2021-22;0.27
Cyprus;Total;2021-23;-0.24
Cyprus;Total;2021-24;-0.01
Cyprus;Total;2021-25;0.05
Cyprus;Total;2021-26;2.35
Cyprus;Total;2021-27;1.53
Cyprus;Total;2021-28;2.8
Cyprus;Total;2021-29;3.2
Cyprus;Total;2021-30;4.19
Cyprus;Total;2021-31;5.28
Cyprus;Total;2021-32;4.85
Cyprus;Total;2021-33;1.98
Cyprus;Total;2021-34;3.49
Cyprus;Total;2021-35;2.78
Cyprus;Total;2021-36;1.96
Cyprus;Total;2021-37;1.91
Cyprus;Total;2021-38;1.37
Cyprus;Total;2021-39;1.3
Cyprus;Total;2021-40;0.81
Cyprus;Total;2021-41;1.68
Cyprus;Total;2021-42;1.03
Cyprus;Total;2021-43;-0.1
Cyprus;Total;2021-44;-1.01
Cyprus;Total;2021-45;1.73
Cyprus;Total;2021-46;3.35
Cyprus;Total;2021-47;1.29
Cyprus;Total;2021-48;2.26
Cyprus;Total;2021-49;1.52
Cyprus;Total;2021-50;2.87
Cyprus;Total;2021-51;1.97
Cyprus;Total;2021-52;4.03
Cyprus;Total;2022-01;4.45
Cyprus;Total;2022-02;2.95
Cyprus;Total;2022-03;5.3
Cyprus;Total;2022-04;3.26
Cyprus;Total;2022-05;4.79
Cyprus;Total;2022-06;3.71
Cyprus;Total;2022-07;2.85
Cyprus;Total;2022-08;3.21
Cyprus;Total;2022-09;1.47
Cyprus;Total;2022-10;1.74
Cyprus;Total;2022-11;2.97
Cyprus;Total;2022-12;4.41
Cyprus;Total;2022-13;5.78
Cyprus;Total;2022-14;4.19
Cyprus;Total;2022-15;2.25
Cyprus;Total;2022-16;-0.02
Cyprus;Total;2022-17;1.56
Cyprus;Total;2022-18;0
Cyprus;Total;2022-19;-0.49
Cyprus;Total;2022-20;0.42
Cyprus;Total;2022-21;0.5
Cyprus;Total;2022-22;-0.83
Cyprus;Total;2022-23;-0.93
Cyprus;Total;2022-24;0.64
Cyprus;Total;2022-25;-0.54
Cyprus;Total;2022-26;-0.15
Cyprus;Total;2022-27;0.56
Cyprus;Total;2022-28;3.46
Cyprus;Total;2022-29;-0.12
Cyprus;Total;2022-30;2.89
Cyprus;Total;2022-31;0.56
Cyprus;Total;2022-32;1.98
Cyprus;Total;2022-33;-0.62
Cyprus;Total;2022-34;-0.65
Cyprus;Total;2022-35;0.64
Cyprus;Total;2022-36;-0.48
Cyprus;Total;2022-37;0.87
Cyprus;Total;2022-38;-1.11
Cyprus;Total;2022-39;0.17
Cyprus;Total;2022-40;2.24
Cyprus;Total;2022-41;-1.59
Cyprus;Total;2022-42;-0.99
Cyprus;Total;2022-43;1.02
Cyprus;Total;2022-44;1.53
Cyprus;Total;2022-45;0.36
Cyprus;Total;2022-46;2.62
Cyprus;Total;2022-47;0.1
Cyprus;Total;2022-48;1.82
Cyprus;Total;2022-49;0.59
Cyprus;Total;2022-50;1.07
Cyprus;Total;2022-51;1.2
Cyprus;Total;2022-52;3.3
Cyprus;Total;2023-01;2.19
Cyprus;Total;2023-02;2.4
Cyprus;Total;2023-03;1.38
Cyprus;Total;2023-04;1.81
Cyprus;Total;2023-05;1.61
Cyprus;Total;2023-06;2.71
Cyprus;Total;2023-07;2.22
Cyprus;Total;2023-08;3.9
Cyprus;Total;2023-09;3.27
Cyprus;Total;2023-10;1.42
Cyprus;Total;2023-11;0.57
Cyprus;Total;2023-12;0.27
Cyprus;Total;2023-13;-1.19
Cyprus;Total;2023-14;-0.19
Cyprus;Total;2023-15;-0.75
Cyprus;Total;2023-16;-0.27
Cyprus;Total;2023-17;0.91
Cyprus;Total;2023-18;-0.51
Cyprus;Total;2023-19;-0.34
Cyprus;Total;2023-20;-0.34
Cyprus;Total;2023-21;-0.25
Cyprus;Total;2023-22;-0.92
Cyprus;Total;2023-23;0.96
Cyprus;Total;2023-24;0.22
Cyprus;Total;2023-25;-0.2
Cyprus;Total;2023-26;0.34
Cyprus;Total;2023-27;-0.18
Cyprus;Total;2023-28;1.3
Cyprus;Total;2023-29;2.55
Cyprus;Total;2023-30;2.34
Cyprus;Total;2023-31;-0.34
Cyprus;Total;2023-32;0.31
Cyprus;Total;2023-33;0.54
Cyprus;Total;2023-34;-0.05
Cyprus;Total;2023-35;0.41
Cyprus;Total;2023-36;-0.46
Cyprus;Total;2023-37;-0.51
Cyprus;Total;2023-38;1.37
Cyprus;Total;2023-39;-0.31
Cyprus;Total;2023-40;0.43
Cyprus;Total;2023-41;-0.14
Cyprus;Total;2023-42;0.81
Cyprus;Total;2023-43;-0.07
Cyprus;Total;2023-44;-0.72
Cyprus;Total;2023-45;-0.33
Cyprus;Total;2023-46;-0.19
Cyprus;Total;2023-47;-0.73
Cyprus;Total;2023-48;0.24
Cyprus;Total;2023-49;0.23
Cyprus;Total;2023-50;0.57
Cyprus;Total;2023-51;0.01
Cyprus;Total;2023-52;1.64
Cyprus;Total;2024-01;1.77
Cyprus;Total;2024-02;1
Cyprus;Total;2024-03;2.06
Cyprus;Total;2024-04;2.22
Cyprus;Total;2024-05;1.76
Cyprus;Total;2024-06;0.92
Cyprus;Total;2024-07;-0.01
Cyprus;Total;2024-08;0.28
Cyprus;Total;2024-09;0.44
Cyprus;Total;2024-10;0.07
Cyprus;Total;2024-11;-0.68
Cyprus;Total;2024-12;-1.01
Cyprus;Total;2024-13;-0.96
Cyprus;Total;2024-14;-0.52
Cyprus;Total;2024-15;-1.07
Cyprus;Total;2024-16;-1
Cyprus;Total;2024-17;-1.33
Cyprus;Total;2024-18;-1.42
Cyprus;Total;2024-19;0.51
Cyprus;Total;2024-20;-0.68
Cyprus;Total;2024-21;-0.59
Cyprus;Total;2024-22;-1.94
Cyprus;Total;2024-23;0.85
Cyprus;Total;2024-24;2.15
Cyprus;Total;2024-25;0.19
Cyprus;Total;2024-26;-0.32
Cyprus;Total;2024-27;-0.1
Cyprus;Total;2024-28;1.82
Cyprus;Total;2024-29;2.59
Cyprus;Total;2024-30;2.09
Cyprus;Total;2024-31;0.55
Cyprus;Total;2024-32;1.49
Cyprus;Total;2024-33;0.7
Cyprus;Total;2024-34;1.62
Cyprus;Total;2024-35;-0.31
Cyprus;Total;2024-36;-0.69
Cyprus;Total;2024-37;0.88
Cyprus;Total;2024-38;1.21
Cyprus;Total;2024-39;0.11
Cyprus;Total;2024-40;-1.44
Cyprus;Total;2024-41;0.2
Cyprus;Total;2024-42;-0.77
Cyprus;Total;2024-43;-0.14
Cyprus;Total;2024-44;-0.7
Cyprus;Total;2024-45;1.23
Cyprus;Total;2024-46;0.25
Cyprus;Total;2024-47;-1.27
Cyprus;Total;2024-48;0.24
Cyprus;Total;2024-49;0.92
Cyprus;Total;2024-50;0.5
Denmark;Total;2018-52;-1.25
Denmark;Total;2019-01;1.4
Denmark;Total;2019-02;1.7
Denmark;Total;2019-03;1.16
Denmark;Total;2019-04;0.11
Denmark;Total;2019-05;2.99
Denmark;Total;2019-06;4.03
Denmark;Total;2019-07;2.53
Denmark;Total;2019-08;0.97
Denmark;Total;2019-09;0.37
Denmark;Total;2019-10;-0.5
Denmark;Total;2019-11;0.45
Denmark;Total;2019-12;-0.67
Denmark;Total;2019-13;-0.76
Denmark;Total;2019-14;0.75
Denmark;Total;2019-15;-0.81
Denmark;Total;2019-16;0.4
Denmark;Total;2019-17;-0.3
Denmark;Total;2019-18;0.54
Denmark;Total;2019-19;0.39
Denmark;Total;2019-20;-1.17
Denmark;Total;2019-21;-0.8
Denmark;Total;2019-22;-0.52
Denmark;Total;2019-23;0.31
Denmark;Total;2019-24;-0.33
Denmark;Total;2019-25;1.32
Denmark;Total;2019-26;0.88
Denmark;Total;2019-27;-1.26
Denmark;Total;2019-28;-0.64
Denmark;Total;2019-29;0.24
Denmark;Total;2019-30;0.37
Denmark;Total;2019-31;-0.23
Denmark;Total;2019-32;-0.7
Denmark;Total;2019-33;-1.12
Denmark;Total;2019-34;0.8
Denmark;Total;2019-35;0.56
Denmark;Total;2019-36;0.3
Denmark;Total;2019-37;-0.25
Denmark;Total;2019-38;1
Denmark;Total;2019-39;0.58
Denmark;Total;2019-40;-0.58
Denmark;Total;2019-41;1
Denmark;Total;2019-42;-0.73
Denmark;Total;2019-43;0.17
Denmark;Total;2019-44;-1.51
Denmark;Total;2019-45;0.39
Denmark;Total;2019-46;-0.24
Denmark;Total;2019-47;0.3
Denmark;Total;2019-48;1.23
Denmark;Total;2019-49;1.17
Denmark;Total;2019-50;0.64
Denmark;Total;2019-51;-0.38
Denmark;Total;2019-52;-0.76
Denmark;Total;2020-01;0.96
Denmark;Total;2020-02;1.37
Denmark;Total;2020-03;-0.59
Denmark;Total;2020-04;-1.26
Denmark;Total;2020-05;-0.08
Denmark;Total;2020-06;-0.28
Denmark;Total;2020-07;-0.89
Denmark;Total;2020-08;-1.3
Denmark;Total;2020-09;-1.6
Denmark;Total;2020-10;-0.71
Denmark;Total;2020-11;0.15
Denmark;Total;2020-12;1.68
Denmark;Total;2020-13;1.35
Denmark;Total;2020-14;2.7
Denmark;Total;2020-15;2.5
Denmark;Total;2020-16;1.15
Denmark;Total;2020-17;1.27
Denmark;Total;2020-18;0.22
Denmark;Total;2020-19;-0.01
Denmark;Total;2020-20;-1.87
Denmark;Total;2020-21;-1.09
Denmark;Total;2020-22;-1.19
Denmark;Total;2020-23;-1.19
Denmark;Total;2020-24;0.09
Denmark;Total;2020-25;-1.33
Denmark;Total;2020-26;-0.17
Denmark;Total;2020-27;0.51
Denmark;Total;2020-28;-0.69
Denmark;Total;2020-29;1.25
Denmark;Total;2020-30;-0.81
Denmark;Total;2020-31;0.32
Denmark;Total;2020-32;-0.79
Denmark;Total;2020-33;0.41
Denmark;Total;2020-34;0.4
Denmark;Total;2020-35;-0.85
Denmark;Total;2020-36;0.97
Denmark;Total;2020-37;0.11
Denmark;Total;2020-38;1.93
Denmark;Total;2020-39;-0.85
Denmark;Total;2020-40;-0.29
Denmark;Total;2020-41;-2.22
Denmark;Total;2020-42;-0.58
Denmark;Total;2020-43;1.91
Denmark;Total;2020-44;-1.36
Denmark;Total;2020-45;-0.22
Denmark;Total;2020-46;1.33
Denmark;Total;2020-47;1.02
Denmark;Total;2020-48;0.9
Denmark;Total;2020-49;0.82
Denmark;Total;2020-50;0.8
Denmark;Total;2020-51;4.55
Denmark;Total;2020-52;3.08
Denmark;Total;2020-53;4.17
Denmark;Total;2021-01;2.93
Denmark;Total;2021-02;3.11
Denmark;Total;2021-03;4.39
Denmark;Total;2021-04;2.73
Denmark;Total;2021-05;2.77
Denmark;Total;2021-06;0.52
Denmark;Total;2021-07;-0.99
Denmark;Total;2021-08;-2.98
Denmark;Total;2021-09;-2.93
Denmark;Total;2021-10;-0.77
Denmark;Total;2021-11;-2.92
Denmark;Total;2021-12;-1.14
Denmark;Total;2021-13;-2.45
Denmark;Total;2021-14;-2.26
Denmark;Total;2021-15;-0.99
Denmark;Total;2021-16;0.25
Denmark;Total;2021-17;-0.81
Denmark;Total;2021-18;1.85
Denmark;Total;2021-19;0.14
Denmark;Total;2021-20;0.46
Denmark;Total;2021-21;0.08
Denmark;Total;2021-22;0.21
Denmark;Total;2021-23;1.1
Denmark;Total;2021-24;0.02
Denmark;Total;2021-25;-0.07
Denmark;Total;2021-26;1.79
Denmark;Total;2021-27;-1.14
Denmark;Total;2021-28;2.25
Denmark;Total;2021-29;1.62
Denmark;Total;2021-30;2.1
Denmark;Total;2021-31;3.78
Denmark;Total;2021-32;2.27
Denmark;Total;2021-33;1.47
Denmark;Total;2021-34;1.64
Denmark;Total;2021-35;1.44
Denmark;Total;2021-36;2.5
Denmark;Total;2021-37;1.3
Denmark;Total;2021-38;1.05
Denmark;Total;2021-39;3.03
Denmark;Total;2021-40;1.22
Denmark;Total;2021-41;3.46
Denmark;Total;2021-42;2.27
Denmark;Total;2021-43;2.35
Denmark;Total;2021-44;2.11
Denmark;Total;2021-45;2.26
Denmark;Total;2021-46;1.7
Denmark;Total;2021-47;3.39
Denmark;Total;2021-48;3.41
Denmark;Total;2021-49;4.53
Denmark;Total;2021-50;4.08
Denmark;Total;2021-51;4.36
Denmark;Total;2021-52;4.32
Denmark;Total;2022-01;5.81
Denmark;Total;2022-02;2.18
Denmark;Total;2022-03;1.62
Denmark;Total;2022-04;1.34
Denmark;Total;2022-05;2.4
Denmark;Total;2022-06;3.82
Denmark;Total;2022-07;3.64
Denmark;Total;2022-08;3.29
Denmark;Total;2022-09;3.02
Denmark;Total;2022-10;3.09
Denmark;Total;2022-11;1.99
Denmark;Total;2022-12;3.14
Denmark;Total;2022-13;2.66
Denmark;Total;2022-14;3.05
Denmark;Total;2022-15;2.01
Denmark;Total;2022-16;0.25
Denmark;Total;2022-17;1.74
Denmark;Total;2022-18;1.15
Denmark;Total;2022-19;-0.87
Denmark;Total;2022-20;0.76
Denmark;Total;2022-21;-1.12
Denmark;Total;2022-22;0.82
Denmark;Total;2022-23;0.63
Denmark;Total;2022-24;0.82
Denmark;Total;2022-25;2.9
Denmark;Total;2022-26;3.27
Denmark;Total;2022-27;1.05
Denmark;Total;2022-28;0.8
Denmark;Total;2022-29;3.07
Denmark;Total;2022-30;1.68
Denmark;Total;2022-31;2.6
Denmark;Total;2022-32;1.81
Denmark;Total;2022-33;3.95
Denmark;Total;2022-34;3.08
Denmark;Total;2022-35;-0.19
Denmark;Total;2022-36;1.16
Denmark;Total;2022-37;0.25
Denmark;Total;2022-38;0.57
Denmark;Total;2022-39;1.71
Denmark;Total;2022-40;2.94
Denmark;Total;2022-41;0.98
Denmark;Total;2022-42;2.26
Denmark;Total;2022-43;1.54
Denmark;Total;2022-44;-1.44
Denmark;Total;2022-45;0.27
Denmark;Total;2022-46;-0.4
Denmark;Total;2022-47;1.46
Denmark;Total;2022-48;1.88
Denmark;Total;2022-49;2.3
Denmark;Total;2022-50;5.58
Denmark;Total;2022-51;7.13
Denmark;Total;2022-52;6.49
Denmark;Total;2023-01;5.48
Denmark;Total;2023-02;4.16
Denmark;Total;2023-03;0.97
Denmark;Total;2023-04;0.21
Denmark;Total;2023-05;1.22
Denmark;Total;2023-06;-0.1
Denmark;Total;2023-07;0.42
Denmark;Total;2023-08;1.38
Denmark;Total;2023-09;-0.19
Denmark;Total;2023-10;2.13
Denmark;Total;2023-11;1.76
Denmark;Total;2023-12;0.6
Denmark;Total;2023-13;0.1
Denmark;Total;2023-14;2.11
Denmark;Total;2023-15;0.96
Denmark;Total;2023-16;1.18
Denmark;Total;2023-17;1.1
Denmark;Total;2023-18;0.9
Denmark;Total;2023-19;2.11
Denmark;Total;2023-20;0.07
Denmark;Total;2023-21;-0.62
Denmark;Total;2023-22;-1.05
Denmark;Total;2023-23;-0.16
Denmark;Total;2023-24;0.25
Denmark;Total;2023-25;1.53
Denmark;Total;2023-26;-2.1
Denmark;Total;2023-27;1.7
Denmark;Total;2023-28;1.25
Denmark;Total;2023-29;0.08
Denmark;Total;2023-30;0.62
Denmark;Total;2023-31;0.13
Denmark;Total;2023-32;0.47
Denmark;Total;2023-33;0.25
Denmark;Total;2023-34;-0.21
Denmark;Total;2023-35;-0.19
Denmark;Total;2023-36;2.38
Denmark;Total;2023-37;0.48
Denmark;Total;2023-38;-0.79
Denmark;Total;2023-39;0.82
Denmark;Total;2023-40;-0.23
Denmark;Total;2023-41;0.51
Denmark;Total;2023-42;0.5
Denmark;Total;2023-43;1.38
Denmark;Total;2023-44;3.01
Denmark;Total;2023-45;0.83
Denmark;Total;2023-46;1.5
Denmark;Total;2023-47;1.25
Denmark;Total;2023-48;2.32
Denmark;Total;2023-49;3.42
Denmark;Total;2023-50;5.37
Denmark;Total;2023-51;4.98
Denmark;Total;2023-52;3.5
Denmark;Total;2024-01;1.97
Denmark;Total;2024-02;5.09
Denmark;Total;2024-03;2.8
Denmark;Total;2024-04;0.27
Denmark;Total;2024-05;0.63
Denmark;Total;2024-06;1.88
Denmark;Total;2024-07;1.22
Denmark;Total;2024-08;-0.98
Denmark;Total;2024-09;-0.92
Denmark;Total;2024-10;-0.53
Denmark;Total;2024-11;-0.55
Denmark;Total;2024-12;-1.52
Denmark;Total;2024-13;-1.81
Denmark;Total;2024-14;-1.08
Denmark;Total;2024-15;0.76
Denmark;Total;2024-16;-0.57
Denmark;Total;2024-17;0.12
Denmark;Total;2024-18;-0.71
Denmark;Total;2024-19;-2.37
Denmark;Total;2024-20;-1.38
Denmark;Total;2024-21;0.1
Denmark;Total;2024-22;-0.16
Denmark;Total;2024-23;-2.42
Denmark;Total;2024-24;-0.58
Denmark;Total;2024-25;-0.71
Denmark;Total;2024-26;0.56
Denmark;Total;2024-27;-0.14
Denmark;Total;2024-28;0.98
Denmark;Total;2024-29;0.51
Denmark;Total;2024-30;-0.36
Denmark;Total;2024-31;1.08
Denmark;Total;2024-32;0.78
Denmark;Total;2024-33;-0.1
Denmark;Total;2024-34;0.07
Denmark;Total;2024-35;0.47
Denmark;Total;2024-36;1.85
Denmark;Total;2024-37;-1.05
Denmark;Total;2024-38;0.2
Denmark;Total;2024-39;-0.06
Denmark;Total;2024-40;0.08
Denmark;Total;2024-41;1.9
Denmark;Total;2024-42;0.5
Denmark;Total;2024-43;0.37
Denmark;Total;2024-44;-0.68
Denmark;Total;2024-45;-1.44
Denmark;Total;2024-46;2.74
Denmark;Total;2024-47;1.03
Denmark;Total;2024-48;1.35
Denmark;Total;2024-49;0.32
Denmark;Total;2024-50;0.69
Estonia;Total;2018-52;0.26
Estonia;Total;2019-01;0.85
Estonia;Total;2019-02;0.22
Estonia;Total;2019-03;1.63
Estonia;Total;2019-04;-0.25
Estonia;Total;2019-05;-0.36
Estonia;Total;2019-06;-0.13
Estonia;Total;2019-07;-0.52
Estonia;Total;2019-08;-0.21
Estonia;Total;2019-09;-0.08
Estonia;Total;2019-10;-0.71
Estonia;Total;2019-11;-1.15
Estonia;Total;2019-12;-0.63
Estonia;Total;2019-13;-0.75
Estonia;Total;2019-14;-2.21
Estonia;Total;2019-15;-0.75
Estonia;Total;2019-16;-0.02
Estonia;Total;2019-17;-0.49
Estonia;Total;2019-18;0.54
Estonia;Total;2019-19;-0.57
Estonia;Total;2019-20;1.56
Estonia;Total;2019-21;1.07
Estonia;Total;2019-22;-0.17
Estonia;Total;2019-23;0.89
Estonia;Total;2019-24;-1
Estonia;Total;2019-25;0.4
Estonia;Total;2019-26;-0.25
Estonia;Total;2019-27;-0.42
Estonia;Total;2019-28;0.46
Estonia;Total;2019-29;0.97
Estonia;Total;2019-30;2.43
Estonia;Total;2019-31;-0.64
Estonia;Total;2019-32;0.21
Estonia;Total;2019-33;2.56
Estonia;Total;2019-34;-0.86
Estonia;Total;2019-35;-0.21
Estonia;Total;2019-36;-0.52
Estonia;Total;2019-37;-1.05
Estonia;Total;2019-38;-0.11
Estonia;Total;2019-39;-0.02
Estonia;Total;2019-40;0.95
Estonia;Total;2019-41;-1.45
Estonia;Total;2019-42;-0.12
Estonia;Total;2019-43;-0.12
Estonia;Total;2019-44;-0.54
Estonia;Total;2019-45;-1.61
Estonia;Total;2019-46;-0.93
Estonia;Total;2019-47;-0.55
Estonia;Total;2019-48;-1.14
Estonia;Total;2019-49;0.06
Estonia;Total;2019-50;-0.87
Estonia;Total;2019-51;-0.84
Estonia;Total;2019-52;-1.22
Estonia;Total;2020-01;-1.56
Estonia;Total;2020-02;-0.24
Estonia;Total;2020-03;-0.98
Estonia;Total;2020-04;-1.28
Estonia;Total;2020-05;-0.95
Estonia;Total;2020-06;-2.43
Estonia;Total;2020-07;-0.4
Estonia;Total;2020-08;0.15
Estonia;Total;2020-09;-0.49
Estonia;Total;2020-10;-1.1
Estonia;Total;2020-11;0.85
Estonia;Total;2020-12;-0.39
Estonia;Total;2020-13;0.5
Estonia;Total;2020-14;0.23
Estonia;Total;2020-15;0.15
Estonia;Total;2020-16;0.15
Estonia;Total;2020-17;1.02
Estonia;Total;2020-18;0.39
Estonia;Total;2020-19;0.71
Estonia;Total;2020-20;-0.16
Estonia;Total;2020-21;-0.28
Estonia;Total;2020-22;1.08
Estonia;Total;2020-23;-0.42
Estonia;Total;2020-24;0
Estonia;Total;2020-25;0.36
Estonia;Total;2020-26;0.69
Estonia;Total;2020-27;-0.06
Estonia;Total;2020-28;0.19
Estonia;Total;2020-29;0.56
Estonia;Total;2020-30;1.48
Estonia;Total;2020-31;1.65
Estonia;Total;2020-32;0.77
Estonia;Total;2020-33;1.2
Estonia;Total;2020-34;-0.27
Estonia;Total;2020-35;1.14
Estonia;Total;2020-36;0.26
Estonia;Total;2020-37;-0.9
Estonia;Total;2020-38;1.52
Estonia;Total;2020-39;2.11
Estonia;Total;2020-40;0.87
Estonia;Total;2020-41;-0.75
Estonia;Total;2020-42;0.73
Estonia;Total;2020-43;0.31
Estonia;Total;2020-44;-1.63
Estonia;Total;2020-45;-0.86
Estonia;Total;2020-46;-0.8
Estonia;Total;2020-47;0.11
Estonia;Total;2020-48;0.68
Estonia;Total;2020-49;0.6
Estonia;Total;2020-50;0.87
Estonia;Total;2020-51;0.62
Estonia;Total;2020-52;1.15
Estonia;Total;2020-53;1.09
Estonia;Total;2021-01;1.63
Estonia;Total;2021-02;2.11
Estonia;Total;2021-03;2.71
Estonia;Total;2021-04;0.58
Estonia;Total;2021-05;0.5
Estonia;Total;2021-06;1.69
Estonia;Total;2021-07;0.34
Estonia;Total;2021-08;2.86
Estonia;Total;2021-09;3.68
Estonia;Total;2021-10;3.9
Estonia;Total;2021-11;3.83
Estonia;Total;2021-12;3.29
Estonia;Total;2021-13;4.03
Estonia;Total;2021-14;3.98
Estonia;Total;2021-15;3.46
Estonia;Total;2021-16;2.74
Estonia;Total;2021-17;0.79
Estonia;Total;2021-18;2.09
Estonia;Total;2021-19;2.6
Estonia;Total;2021-20;1.44
Estonia;Total;2021-21;1.79
Estonia;Total;2021-22;0.99
Estonia;Total;2021-23;1.07
Estonia;Total;2021-24;1.23
Estonia;Total;2021-25;5.53
Estonia;Total;2021-26;1.77
Estonia;Total;2021-27;4.41
Estonia;Total;2021-28;2.05
Estonia;Total;2021-29;0.31
Estonia;Total;2021-30;0.59
Estonia;Total;2021-31;1.8
Estonia;Total;2021-32;1.61
Estonia;Total;2021-33;0.74
Estonia;Total;2021-34;0.94
Estonia;Total;2021-35;2.06
Estonia;Total;2021-36;2.9
Estonia;Total;2021-37;0.53
Estonia;Total;2021-38;2.98
Estonia;Total;2021-39;2.45
Estonia;Total;2021-40;2.31
Estonia;Total;2021-41;2.61
Estonia;Total;2021-42;2.59
Estonia;Total;2021-43;4.9
Estonia;Total;2021-44;4.79
Estonia;Total;2021-45;3.47
Estonia;Total;2021-46;3.46
Estonia;Total;2021-47;3.88
Estonia;Total;2021-48;1.63
Estonia;Total;2021-49;2.27
Estonia;Total;2021-50;1.6
Estonia;Total;2021-51;1.71
Estonia;Total;2021-52;2.26
Estonia;Total;2022-01;1.72
Estonia;Total;2022-02;1.45
Estonia;Total;2022-03;-0.07
Estonia;Total;2022-04;0.43
Estonia;Total;2022-05;1.93
Estonia;Total;2022-06;1.3
Estonia;Total;2022-07;3.42
Estonia;Total;2022-08;4.02
Estonia;Total;2022-09;2.71
Estonia;Total;2022-10;2.09
Estonia;Total;2022-11;1.7
Estonia;Total;2022-12;1.22
Estonia;Total;2022-13;0.63
Estonia;Total;2022-14;-0.02
Estonia;Total;2022-15;-0.43
Estonia;Total;2022-16;0.58
Estonia;Total;2022-17;-1.06
Estonia;Total;2022-18;0.54
Estonia;Total;2022-19;1.34
Estonia;Total;2022-20;-0.15
Estonia;Total;2022-21;-0.32
Estonia;Total;2022-22;0.12
Estonia;Total;2022-23;2.15
Estonia;Total;2022-24;0.76
Estonia;Total;2022-25;2.72
Estonia;Total;2022-26;3.34
Estonia;Total;2022-27;2.03
Estonia;Total;2022-28;1.03
Estonia;Total;2022-29;1.24
Estonia;Total;2022-30;2.12
Estonia;Total;2022-31;2.28
Estonia;Total;2022-32;0.36
Estonia;Total;2022-33;2.04
Estonia;Total;2022-34;1.36
Estonia;Total;2022-35;0.11
Estonia;Total;2022-36;0.62
Estonia;Total;2022-37;2.72
Estonia;Total;2022-38;1.28
Estonia;Total;2022-39;3.17
Estonia;Total;2022-40;0.84
Estonia;Total;2022-41;0.98
Estonia;Total;2022-42;-1.05
Estonia;Total;2022-43;0.82
Estonia;Total;2022-44;1.77
Estonia;Total;2022-45;0.78
Estonia;Total;2022-46;0.98
Estonia;Total;2022-47;-1.11
Estonia;Total;2022-48;-0.17
Estonia;Total;2022-49;1.7
Estonia;Total;2022-50;2.72
Estonia;Total;2022-51;1.54
Estonia;Total;2022-52;2.87
Estonia;Total;2023-01;1.89
Estonia;Total;2023-02;2.53
Estonia;Total;2023-03;1.27
Estonia;Total;2023-04;-0.14
Estonia;Total;2023-05;-0.9
Estonia;Total;2023-06;-1.18
Estonia;Total;2023-07;-0.18
Estonia;Total;2023-08;-1.52
Estonia;Total;2023-09;-1.65
Estonia;Total;2023-10;-0.92
Estonia;Total;2023-11;-1.57
Estonia;Total;2023-12;-1.58
Estonia;Total;2023-13;-0.42
Estonia;Total;2023-14;-1.48
Estonia;Total;2023-15;-0.58
Estonia;Total;2023-16;0.92
Estonia;Total;2023-17;0.48
Estonia;Total;2023-18;-0.03
Estonia;Total;2023-19;0.48
Estonia;Total;2023-20;0.18
Estonia;Total;2023-21;-1.36
Estonia;Total;2023-22;0.64
Estonia;Total;2023-23;1.3
Estonia;Total;2023-24;1.37
Estonia;Total;2023-25;1.85
Estonia;Total;2023-26;-1.5
Estonia;Total;2023-27;-0.54
Estonia;Total;2023-28;0.09
Estonia;Total;2023-29;0.83
Estonia;Total;2023-30;-0.95
Estonia;Total;2023-31;-0.04
Estonia;Total;2023-32;-0.91
Estonia;Total;2023-33;0.53
Estonia;Total;2023-34;-0.37
Estonia;Total;2023-35;-0.23
Estonia;Total;2023-36;0.38
Estonia;Total;2023-37;-1.67
Estonia;Total;2023-38;-0.73
Estonia;Total;2023-39;-1.14
Estonia;Total;2023-40;-1.36
Estonia;Total;2023-41;1.16
Estonia;Total;2023-42;1.65
Estonia;Total;2023-43;0.45
Estonia;Total;2023-44;0.31
Estonia;Total;2023-45;-0.15
Estonia;Total;2023-46;0.59
Estonia;Total;2023-47;-0.49
Estonia;Total;2023-48;-0.17
Estonia;Total;2023-49;0.76
Estonia;Total;2023-50;1.07
Estonia;Total;2023-51;3.04
Estonia;Total;2023-52;0.88
Estonia;Total;2024-01;1.07
Estonia;Total;2024-02;1.31
Estonia;Total;2024-03;2.08
Estonia;Total;2024-04;0.71
Estonia;Total;2024-05;-0.19
Estonia;Total;2024-06;-0.78
Estonia;Total;2024-07;-0.03
Estonia;Total;2024-08;-0.9
Estonia;Total;2024-09;-0.49
Estonia;Total;2024-10;-2.27
Estonia;Total;2024-11;-1.01
Estonia;Total;2024-12;0.13
Estonia;Total;2024-13;-1.22
Estonia;Total;2024-14;-1.25
Estonia;Total;2024-15;0.21
Estonia;Total;2024-16;-0.78
Estonia;Total;2024-17;-1.07
Estonia;Total;2024-18;-2.01
Estonia;Total;2024-19;-0.19
Estonia;Total;2024-20;0.45
Estonia;Total;2024-21;-0.38
Estonia;Total;2024-22;-1.65
Estonia;Total;2024-23;-1.06
Estonia;Total;2024-24;-1.48
Estonia;Total;2024-25;1.75
Estonia;Total;2024-26;1.28
Estonia;Total;2024-27;-0.86
Estonia;Total;2024-28;0.59
Estonia;Total;2024-29;-1.17
Estonia;Total;2024-30;-1.71
Estonia;Total;2024-31;-0.49
Estonia;Total;2024-32;0.14
Estonia;Total;2024-33;0.75
Estonia;Total;2024-34;-0.47
Estonia;Total;2024-35;1
Estonia;Total;2024-36;-1.03
Estonia;Total;2024-37;-1.71
Estonia;Total;2024-38;-0.97
Estonia;Total;2024-39;1.61
Estonia;Total;2024-40;0.42
Estonia;Total;2024-41;1.3
Estonia;Total;2024-42;-0.41
Estonia;Total;2024-43;0.59
Estonia;Total;2024-44;1.02
Estonia;Total;2024-45;0.16
Estonia;Total;2024-46;-1.49
Estonia;Total;2024-47;1.02
Estonia;Total;2024-48;-1.42
Estonia;Total;2024-49;-2.58
Estonia;Total;2024-50;-1.15
Finland;Total;2018-52;0.37
Finland;Total;2019-01;0.59
Finland;Total;2019-02;-0.78
Finland;Total;2019-03;-0.1
Finland;Total;2019-04;-0.61
Finland;Total;2019-05;-0.5
Finland;Total;2019-06;-0.01
Finland;Total;2019-07;-1.11
Finland;Total;2019-08;-1.48
Finland;Total;2019-09;-1.2
Finland;Total;2019-10;-0.82
Finland;Total;2019-11;0.44
Finland;Total;2019-12;-1.05
Finland;Total;2019-13;-0.48
Finland;Total;2019-14;-0.93
Finland;Total;2019-15;-0.26
Finland;Total;2019-16;-0.63
Finland;Total;2019-17;-0.79
Finland;Total;2019-18;0.99
Finland;Total;2019-19;-0.89
Finland;Total;2019-20;-0.29
Finland;Total;2019-21;-1.31
Finland;Total;2019-22;-1.3
Finland;Total;2019-23;1.24
Finland;Total;2019-24;-0.72
Finland;Total;2019-25;-0.11
Finland;Total;2019-26;-1.2
Finland;Total;2019-27;-0.18
Finland;Total;2019-28;0.44
Finland;Total;2019-29;0.15
Finland;Total;2019-30;1.13
Finland;Total;2019-31;-0.7
Finland;Total;2019-32;-0.12
Finland;Total;2019-33;-0.89
Finland;Total;2019-34;0.25
Finland;Total;2019-35;-0.36
Finland;Total;2019-36;-0.15
Finland;Total;2019-37;-0.27
Finland;Total;2019-38;-0.21
Finland;Total;2019-39;0.25
Finland;Total;2019-40;0.09
Finland;Total;2019-41;0.52
Finland;Total;2019-42;-0.4
Finland;Total;2019-43;-0.09
Finland;Total;2019-44;0.04
Finland;Total;2019-45;-1.97
Finland;Total;2019-46;-1.81
Finland;Total;2019-47;-2.75
Finland;Total;2019-48;-2.2
Finland;Total;2019-49;-1
Finland;Total;2019-50;-1.78
Finland;Total;2019-51;-1.12
Finland;Total;2019-52;-1.35
Finland;Total;2020-01;-2.12
Finland;Total;2020-02;-1.91
Finland;Total;2020-03;-2.07
Finland;Total;2020-04;-2.36
Finland;Total;2020-05;-1.82
Finland;Total;2020-06;-1.12
Finland;Total;2020-07;-1.31
Finland;Total;2020-08;-1.34
Finland;Total;2020-09;-1.79
Finland;Total;2020-10;-0.83
Finland;Total;2020-11;-0.68
Finland;Total;2020-12;-0.19
Finland;Total;2020-13;-0.16
Finland;Total;2020-14;0.02
Finland;Total;2020-15;1.41
Finland;Total;2020-16;0.23
Finland;Total;2020-17;1.29
Finland;Total;2020-18;1.31
Finland;Total;2020-19;0.58
Finland;Total;2020-20;1.33
Finland;Total;2020-21;-1.11
Finland;Total;2020-22;-0.3
Finland;Total;2020-23;-0.29
Finland;Total;2020-24;0.19
Finland;Total;2020-25;1.48
Finland;Total;2020-26;0.67
Finland;Total;2020-27;0.35
Finland;Total;2020-28;-0.52
Finland;Total;2020-29;0.85
Finland;Total;2020-30;-0.21
Finland;Total;2020-31;0.1
Finland;Total;2020-32;-0.48
Finland;Total;2020-33;-0.17
Finland;Total;2020-34;0.41
Finland;Total;2020-35;-0.23
Finland;Total;2020-36;-0.55
Finland;Total;2020-37;1.75
Finland;Total;2020-38;0.16
Finland;Total;2020-39;0.72
Finland;Total;2020-40;-1.45
Finland;Total;2020-41;-1.57
Finland;Total;2020-42;-0.19
Finland;Total;2020-43;-0.51
Finland;Total;2020-44;0.24
Finland;Total;2020-45;-1.48
Finland;Total;2020-46;-2.1
Finland;Total;2020-47;-0.78
Finland;Total;2020-48;-0.95
Finland;Total;2020-49;-0.91
Finland;Total;2020-50;-1.16
Finland;Total;2020-51;-0.76
Finland;Total;2020-52;-1.2
Finland;Total;2020-53;-0.63
Finland;Total;2021-01;-1.7
Finland;Total;2021-02;-1.39
Finland;Total;2021-03;-0.22
Finland;Total;2021-04;-0.87
Finland;Total;2021-05;-1.61
Finland;Total;2021-06;-2.25
Finland;Total;2021-07;-0.6
Finland;Total;2021-08;-0.91
Finland;Total;2021-09;-1.38
Finland;Total;2021-10;-1.85
Finland;Total;2021-11;-1.06
Finland;Total;2021-12;-2.02
Finland;Total;2021-13;-1.28
Finland;Total;2021-14;-0.98
Finland;Total;2021-15;-1.2
Finland;Total;2021-16;-0.62
Finland;Total;2021-17;-1.12
Finland;Total;2021-18;0.03
Finland;Total;2021-19;1.11
Finland;Total;2021-20;-0.51
Finland;Total;2021-21;-0.56
Finland;Total;2021-22;-0.11
Finland;Total;2021-23;-0.54
Finland;Total;2021-24;0.08
Finland;Total;2021-25;1.43
Finland;Total;2021-26;0.26
Finland;Total;2021-27;1.73
Finland;Total;2021-28;2.71
Finland;Total;2021-29;0.41
Finland;Total;2021-30;0.54
Finland;Total;2021-31;1.11
Finland;Total;2021-32;1.68
Finland;Total;2021-33;1.26
Finland;Total;2021-34;0.81
Finland;Total;2021-35;0.85
Finland;Total;2021-36;1.86
Finland;Total;2021-37;0.21
Finland;Total;2021-38;1.01
Finland;Total;2021-39;1.03
Finland;Total;2021-40;0.81
Finland;Total;2021-41;1.32
Finland;Total;2021-42;1.21
Finland;Total;2021-43;-0.11
Finland;Total;2021-44;-1.01
Finland;Total;2021-45;0.03
Finland;Total;2021-46;0.35
Finland;Total;2021-47;0.64
Finland;Total;2021-48;0.52
Finland;Total;2021-49;1.18
Finland;Total;2021-50;0.04
Finland;Total;2021-51;0.15
Finland;Total;2021-52;1.23
Finland;Total;2022-01;0.54
Finland;Total;2022-02;0.65
Finland;Total;2022-03;2.23
Finland;Total;2022-04;0.07
Finland;Total;2022-05;1.12
Finland;Total;2022-06;1.7
Finland;Total;2022-07;0.58
Finland;Total;2022-08;-0.68
Finland;Total;2022-09;0.6
Finland;Total;2022-10;1.04
Finland;Total;2022-11;0.93
Finland;Total;2022-12;1.01
Finland;Total;2022-13;1.89
Finland;Total;2022-14;2.7
Finland;Total;2022-15;2.42
Finland;Total;2022-16;2.14
Finland;Total;2022-17;2.15
Finland;Total;2022-18;2.09
Finland;Total;2022-19;1.5
Finland;Total;2022-20;0.9
Finland;Total;2022-21;0.51
Finland;Total;2022-22;0.56
Finland;Total;2022-23;-0.11
Finland;Total;2022-24;0.33
Finland;Total;2022-25;0.86
Finland;Total;2022-26;2.11
Finland;Total;2022-27;1.35
Finland;Total;2022-28;-0.15
Finland;Total;2022-29;1.71
Finland;Total;2022-30;1.49
Finland;Total;2022-31;1.69
Finland;Total;2022-32;2.75
Finland;Total;2022-33;2.74
Finland;Total;2022-34;1.05
Finland;Total;2022-35;0.23
Finland;Total;2022-36;2.33
Finland;Total;2022-37;2.77
Finland;Total;2022-38;1.13
Finland;Total;2022-39;1.33
Finland;Total;2022-40;1.73
Finland;Total;2022-41;1.8
Finland;Total;2022-42;1.78
Finland;Total;2022-43;1.56
Finland;Total;2022-44;1.48
Finland;Total;2022-45;0.82
Finland;Total;2022-46;0.56
Finland;Total;2022-47;1
Finland;Total;2022-48;-0.36
Finland;Total;2022-49;1.51
Finland;Total;2022-50;2.2
Finland;Total;2022-51;2.71
Finland;Total;2022-52;2.79
Finland;Total;2023-01;1.38
Finland;Total;2023-02;0.85
Finland;Total;2023-03;-0.36
Finland;Total;2023-04;-0.95
Finland;Total;2023-05;-0.9
Finland;Total;2023-06;-1.43
Finland;Total;2023-07;-1.4
Finland;Total;2023-08;-1.23
Finland;Total;2023-09;-1.81
Finland;Total;2023-10;-1.97
Finland;Total;2023-11;-1.49
Finland;Total;2023-12;-1.87
Finland;Total;2023-13;-0.39
Finland;Total;2023-14;0.48
Finland;Total;2023-15;0.14
Finland;Total;2023-16;1.49
Finland;Total;2023-17;0.29
Finland;Total;2023-18;0.59
Finland;Total;2023-19;0.81
Finland;Total;2023-20;0.4
Finland;Total;2023-21;0.88
Finland;Total;2023-22;0.58
Finland;Total;2023-23;0.97
Finland;Total;2023-24;1.92
Finland;Total;2023-25;0.25
Finland;Total;2023-26;1.06
Finland;Total;2023-27;-0.72
Finland;Total;2023-28;0.25
Finland;Total;2023-29;0.33
Finland;Total;2023-30;-1.32
Finland;Total;2023-31;-0.1
Finland;Total;2023-32;0.4
Finland;Total;2023-33;-0.53
Finland;Total;2023-34;-0.09
Finland;Total;2023-35;-0.93
Finland;Total;2023-36;0.81
Finland;Total;2023-37;0.32
Finland;Total;2023-38;0.39
Finland;Total;2023-39;0.09
Finland;Total;2023-40;0.58
Finland;Total;2023-41;1.15
Finland;Total;2023-42;1.04
Finland;Total;2023-43;1.49
Finland;Total;2023-44;3.53
Finland;Total;2023-45;3.58
Finland;Total;2023-46;2
Finland;Total;2023-47;3.81
Finland;Total;2023-48;2.7
Finland;Total;2023-49;2.21
Finland;Total;2023-50;1.57
Finland;Total;2023-51;1.89
Finland;Total;2023-52;0.38
Finland;Total;2024-01;0.81
Finland;Total;2024-02;0.88
Finland;Total;2024-03;-0.59
Finland;Total;2024-04;-1.41
Finland;Total;2024-05;-1.18
Finland;Total;2024-06;-1.5
Finland;Total;2024-07;-1.93
Finland;Total;2024-08;-1.87
Finland;Total;2024-09;-1.92
Finland;Total;2024-10;-1.57
Finland;Total;2024-11;-1.76
Finland;Total;2024-12;-2.47
Finland;Total;2024-13;-2.05
Finland;Total;2024-14;-1.68
Finland;Total;2024-15;-0.69
Finland;Total;2024-16;-1.27
Finland;Total;2024-17;-1.12
Finland;Total;2024-18;-0.41
Finland;Total;2024-19;-1.85
Finland;Total;2024-20;-1.44
Finland;Total;2024-21;-0.71
Finland;Total;2024-22;-1
Finland;Total;2024-23;-1.36
Finland;Total;2024-24;-0.71
Finland;Total;2024-25;-0.96
Finland;Total;2024-26;0.16
Finland;Total;2024-27;-0.69
Finland;Total;2024-28;-0.86
Finland;Total;2024-29;0.3
Finland;Total;2024-30;0.59
Finland;Total;2024-31;-0.36
Finland;Total;2024-32;-0.73
Finland;Total;2024-33;0.71
Finland;Total;2024-34;-0.46
Finland;Total;2024-35;0.58
Finland;Total;2024-36;-0.2
Finland;Total;2024-37;-0.03
Finland;Total;2024-38;-0.33
Finland;Total;2024-39;1.21
Finland;Total;2024-40;-0.93
Finland;Total;2024-41;-0.13
Finland;Total;2024-42;-0.48
Finland;Total;2024-43;-1.43
Finland;Total;2024-44;-1.74
Finland;Total;2024-45;-1.37
Finland;Total;2024-46;-1.33
Finland;Total;2024-47;-0.15
Finland;Total;2024-48;-0.88
Finland;Total;2024-49;-0.78
Finland;Total;2024-50;-1.26
France;Total;2018-52;-0.91
France;Total;2019-01;1.95
France;Total;2019-02;2.88
France;Total;2019-03;2.58
France;Total;2019-04;3.65
France;Total;2019-05;4.24
France;Total;2019-06;4.96
France;Total;2019-07;3.93
France;Total;2019-08;3.89
France;Total;2019-09;3.17
France;Total;2019-10;1.77
France;Total;2019-11;0.19
France;Total;2019-12;0.13
France;Total;2019-13;-0.4
France;Total;2019-14;0.24
France;Total;2019-15;-0.72
France;Total;2019-16;0.52
France;Total;2019-17;0.67
France;Total;2019-18;-0.12
France;Total;2019-19;0.66
France;Total;2019-20;0.93
France;Total;2019-21;0.9
France;Total;2019-22;0.08
France;Total;2019-23;-0.25
France;Total;2019-24;0.15
France;Total;2019-25;0.63
France;Total;2019-26;2.47
France;Total;2019-27;1.45
France;Total;2019-28;0.3
France;Total;2019-29;0.32
France;Total;2019-30;3.07
France;Total;2019-31;-0.59
France;Total;2019-32;-0.13
France;Total;2019-33;-1.5
France;Total;2019-34;-0.33
France;Total;2019-35;0.81
France;Total;2019-36;-1.56
France;Total;2019-37;-0.54
France;Total;2019-38;0.23
France;Total;2019-39;-1.09
France;Total;2019-40;-0.3
France;Total;2019-41;-0.21
France;Total;2019-42;-0.35
France;Total;2019-43;-0.69
France;Total;2019-44;-0.26
France;Total;2019-45;-0.03
France;Total;2019-46;-0.07
France;Total;2019-47;0.62
France;Total;2019-48;0.21
France;Total;2019-49;-0.25
France;Total;2019-50;0.23
France;Total;2019-51;0.49
France;Total;2019-52;-0.41
France;Total;2020-01;1.01
France;Total;2020-02;2.23
France;Total;2020-03;0.72
France;Total;2020-04;0.14
France;Total;2020-05;0.83
France;Total;2020-06;0.88
France;Total;2020-07;0.52
France;Total;2020-08;-0.73
France;Total;2020-09;0.11
France;Total;2020-10;0.84
France;Total;2020-11;2.01
France;Total;2020-12;6.07
France;Total;2020-13;12.11
France;Total;2020-14;19.26
France;Total;2020-15;16.58
France;Total;2020-16;11.33
France;Total;2020-17;4.53
France;Total;2020-18;0.59
France;Total;2020-19;0.01
France;Total;2020-20;-0.66
France;Total;2020-21;0.91
France;Total;2020-22;-0.92
France;Total;2020-23;-1.1
France;Total;2020-24;-0.53
France;Total;2020-25;-0.36
France;Total;2020-26;1.68
France;Total;2020-27;-1.59
France;Total;2020-28;-0.47
France;Total;2020-29;-0.78
France;Total;2020-30;0.26
France;Total;2020-31;1.03
France;Total;2020-32;0.81
France;Total;2020-33;3.85
France;Total;2020-34;-0.29
France;Total;2020-35;-0.33
France;Total;2020-36;-0.23
France;Total;2020-37;1.01
France;Total;2020-38;2.55
France;Total;2020-39;-0.56
France;Total;2020-40;2.22
France;Total;2020-41;1.64
France;Total;2020-42;2.15
France;Total;2020-43;6.35
France;Total;2020-44;8.21
France;Total;2020-45;10.19
France;Total;2020-46;9.55
France;Total;2020-47;7.63
France;Total;2020-48;6.42
France;Total;2020-49;5.93
France;Total;2020-50;5.66
France;Total;2020-51;4.39
France;Total;2020-52;3.58
France;Total;2020-53;4.57
France;Total;2021-01;5.37
France;Total;2021-02;5.04
France;Total;2021-03;6.31
France;Total;2021-04;5.49
France;Total;2021-05;5.13
France;Total;2021-06;4.5
France;Total;2021-07;4.63
France;Total;2021-08;3.03
France;Total;2021-09;2.39
France;Total;2021-10;2.27
France;Total;2021-11;3.21
France;Total;2021-12;3.01
France;Total;2021-13;4.58
France;Total;2021-14;4.41
France;Total;2021-15;4.84
France;Total;2021-16;5.66
France;Total;2021-17;4.65
France;Total;2021-18;4.17
France;Total;2021-19;1.3
France;Total;2021-20;0.89
France;Total;2021-21;0.67
France;Total;2021-22;0.31
France;Total;2021-23;0.17
France;Total;2021-24;0.66
France;Total;2021-25;-2.14
France;Total;2021-26;-1.2
France;Total;2021-27;-0.26
France;Total;2021-28;-0.69
France;Total;2021-29;2.5
France;Total;2021-30;0.21
France;Total;2021-31;0.6
France;Total;2021-32;3.44
France;Total;2021-33;2.82
France;Total;2021-34;1.49
France;Total;2021-35;2.32
France;Total;2021-36;2.94
France;Total;2021-37;-0.12
France;Total;2021-38;-0.58
France;Total;2021-39;0.12
France;Total;2021-40;-0.2
France;Total;2021-41;1.44
France;Total;2021-42;0.64
France;Total;2021-43;0.93
France;Total;2021-44;-0.8
France;Total;2021-45;0.02
France;Total;2021-46;0.23
France;Total;2021-47;1.75
France;Total;2021-48;2.69
France;Total;2021-49;4.05
France;Total;2021-50;3.64
France;Total;2021-51;5.1
France;Total;2021-52;4.89
France;Total;2022-01;4.9
France;Total;2022-02;4.98
France;Total;2022-03;4.94
France;Total;2022-04;6.37
France;Total;2022-05;6.27
France;Total;2022-06;4.55
France;Total;2022-07;3.03
France;Total;2022-08;0.85
France;Total;2022-09;1.22
France;Total;2022-10;0.95
France;Total;2022-11;0.59
France;Total;2022-12;1.22
France;Total;2022-13;2.19
France;Total;2022-14;3.54
France;Total;2022-15;4.19
France;Total;2022-16;3.26
France;Total;2022-17;1.88
France;Total;2022-18;2.07
France;Total;2022-19;0.69
France;Total;2022-20;0.64
France;Total;2022-21;-1.85
France;Total;2022-22;0.36
France;Total;2022-23;-0.64
France;Total;2022-24;1.2
France;Total;2022-25;0.63
France;Total;2022-26;-0.89
France;Total;2022-27;2.28
France;Total;2022-28;5.16
France;Total;2022-29;6.66
France;Total;2022-30;2.49
France;Total;2022-31;3.13
France;Total;2022-32;3.54
France;Total;2022-33;1.37
France;Total;2022-34;0.41
France;Total;2022-35;0.18
France;Total;2022-36;-0.99
France;Total;2022-37;-0.94
France;Total;2022-38;0.64
France;Total;2022-39;1.68
France;Total;2022-40;2.17
France;Total;2022-41;1.83
France;Total;2022-42;2.19
France;Total;2022-43;0.05
France;Total;2022-44;-1.35
France;Total;2022-45;-0.36
France;Total;2022-46;1.2
France;Total;2022-47;1.57
France;Total;2022-48;1.8
France;Total;2022-49;4.89
France;Total;2022-50;6.94
France;Total;2022-51;9.43
France;Total;2022-52;8.29
France;Total;2023-01;5.61
France;Total;2023-02;2.85
France;Total;2023-03;1.36
France;Total;2023-04;0.91
France;Total;2023-05;0.3
France;Total;2023-06;0.17
France;Total;2023-07;-0.27
France;Total;2023-08;-0.46
France;Total;2023-09;-0.11
France;Total;2023-10;0.52
France;Total;2023-11;-0.18
France;Total;2023-12;-1.34
France;Total;2023-13;-1.25
France;Total;2023-14;-1.09
France;Total;2023-15;-0.31
France;Total;2023-16;0.18
France;Total;2023-17;0.46
France;Total;2023-18;-0.16
France;Total;2023-19;-1.02
France;Total;2023-20;-0.66
France;Total;2023-21;0.71
France;Total;2023-22;0.72
France;Total;2023-23;1.15
France;Total;2023-24;0.14
France;Total;2023-25;-0.63
France;Total;2023-26;-1.95
France;Total;2023-27;-0.68
France;Total;2023-28;-0.76
France;Total;2023-29;-1.31
France;Total;2023-30;-1.01
France;Total;2023-31;-2.25
France;Total;2023-32;0.36
France;Total;2023-33;0.08
France;Total;2023-34;0.77
France;Total;2023-35;-0.3
France;Total;2023-36;0.87
France;Total;2023-37;-1.17
France;Total;2023-38;-1.98
France;Total;2023-39;-0.8
France;Total;2023-40;-0.94
France;Total;2023-41;-0.52
France;Total;2023-42;-0.01
France;Total;2023-43;1.01
France;Total;2023-44;0.09
France;Total;2023-45;-0.14
France;Total;2023-46;-0.25
France;Total;2023-47;-0.18
France;Total;2023-48;0.95
France;Total;2023-49;2.51
France;Total;2023-50;2.23
France;Total;2023-51;2.42
France;Total;2023-52;2.29
France;Total;2024-01;3.18
France;Total;2024-02;2.77
France;Total;2024-03;3.33
France;Total;2024-04;2.83
France;Total;2024-05;1.35
France;Total;2024-06;1.07
France;Total;2024-07;0.18
France;Total;2024-08;-0.72
France;Total;2024-09;-0.8
France;Total;2024-10;-0.63
France;Total;2024-11;-0.58
France;Total;2024-12;-2.2
France;Total;2024-13;-1.53
France;Total;2024-14;-1.64
France;Total;2024-15;-1.03
France;Total;2024-16;-2.11
France;Total;2024-17;-0.15
France;Total;2024-18;-0.3
France;Total;2024-19;-0.49
France;Total;2024-20;-0.86
France;Total;2024-21;-0.75
France;Total;2024-22;-1.14
France;Total;2024-23;0.61
France;Total;2024-24;0.01
France;Total;2024-25;0.83
France;Total;2024-26;0.91
France;Total;2024-27;-1.09
France;Total;2024-28;1.1
France;Total;2024-29;0.63
France;Total;2024-30;-1
France;Total;2024-31;0.14
France;Total;2024-32;-0.26
France;Total;2024-33;-0.69
France;Total;2024-34;-1.52
France;Total;2024-35;-0.56
France;Total;2024-36;-1.87
France;Total;2024-37;-1.89
France;Total;2024-38;0.65
France;Total;2024-39;-0.25
France;Total;2024-40;1.19
France;Total;2024-41;1.76
France;Total;2024-42;0.9
France;Total;2024-43;-0.84
France;Total;2024-44;-1.92
France;Total;2024-45;-2.37
France;Total;2024-46;-1.68
France;Total;2024-47;-0.62
France;Total;2024-48;-0.8
France;Total;2024-49;-1.25
France;Total;2024-50;-1.63
Germany;Total;2018-52;-1.75
Germany;Total;2019-01;-0.7
Germany;Total;2019-02;-0.05
Germany;Total;2019-03;-0.14
Germany;Total;2019-04;0.35
Germany;Total;2019-05;0.84
Germany;Total;2019-06;1.15
Germany;Total;2019-07;1.51
Germany;Total;2019-08;1.96
Germany;Total;2019-09;2.86
Germany;Total;2019-10;2.56
Germany;Total;2019-11;1.75
Germany;Total;2019-12;0.72
Germany;Total;2019-13;0.25
Germany;Total;2019-14;0.77
Germany;Total;2019-15;-0.35
Germany;Total;2019-16;0.45
Germany;Total;2019-17;0.46
Germany;Total;2019-18;-0.69
Germany;Total;2019-19;-0.27
Germany;Total;2019-20;0.47
Germany;Total;2019-21;0.36
Germany;Total;2019-22;0.37
Germany;Total;2019-23;1.77
Germany;Total;2019-24;0.08
Germany;Total;2019-25;0.61
Germany;Total;2019-26;3.25
Germany;Total;2019-27;0.78
Germany;Total;2019-28;0.44
Germany;Total;2019-29;1.54
Germany;Total;2019-30;6.74
Germany;Total;2019-31;1.89
Germany;Total;2019-32;0.88
Germany;Total;2019-33;-0.4
Germany;Total;2019-34;0.1
Germany;Total;2019-35;2.55
Germany;Total;2019-36;-0.86
Germany;Total;2019-37;-0.5
Germany;Total;2019-38;-0.42
Germany;Total;2019-39;1
Germany;Total;2019-40;-0.32
Germany;Total;2019-41;0.78
Germany;Total;2019-42;0.48
Germany;Total;2019-43;-0.65
Germany;Total;2019-44;-0.73
Germany;Total;2019-45;-0.43
Germany;Total;2019-46;-0.11
Germany;Total;2019-47;0.04
Germany;Total;2019-48;-0.22
Germany;Total;2019-49;0.42
Germany;Total;2019-50;0.06
Germany;Total;2019-51;-0.25
Germany;Total;2019-52;-1.87
Germany;Total;2020-01;-0.92
Germany;Total;2020-02;-0.21
Germany;Total;2020-03;-1.03
Germany;Total;2020-04;-1.27
Germany;Total;2020-05;0.21
Germany;Total;2020-06;-0.92
Germany;Total;2020-07;0.13
Germany;Total;2020-08;-0.87
Germany;Total;2020-09;0.18
Germany;Total;2020-10;0.65
Germany;Total;2020-11;1.2
Germany;Total;2020-12;1.28
Germany;Total;2020-13;1.53
Germany;Total;2020-14;3.58
Germany;Total;2020-15;3.7
Germany;Total;2020-16;1.91
Germany;Total;2020-17;1.01
Germany;Total;2020-18;0.21
Germany;Total;2020-19;0.08
Germany;Total;2020-20;-0.81
Germany;Total;2020-21;-0.14
Germany;Total;2020-22;-0.57
Germany;Total;2020-23;0.68
Germany;Total;2020-24;-0.33
Germany;Total;2020-25;-0.48
Germany;Total;2020-26;1.45
Germany;Total;2020-27;-0.01
Germany;Total;2020-28;-0.5
Germany;Total;2020-29;0.35
Germany;Total;2020-30;1.05
Germany;Total;2020-31;2.08
Germany;Total;2020-32;2.1
Germany;Total;2020-33;6.18
Germany;Total;2020-34;2.03
Germany;Total;2020-35;0.12
Germany;Total;2020-36;0.16
Germany;Total;2020-37;0.61
Germany;Total;2020-38;1.08
Germany;Total;2020-39;0.55
Germany;Total;2020-40;0.52
Germany;Total;2020-41;-0.07
Germany;Total;2020-42;0.02
Germany;Total;2020-43;1.18
Germany;Total;2020-44;0.76
Germany;Total;2020-45;1.12
Germany;Total;2020-46;1.99
Germany;Total;2020-47;2.37
Germany;Total;2020-48;3.87
Germany;Total;2020-49;5.59
Germany;Total;2020-50;7.39
Germany;Total;2020-51;8.12
Germany;Total;2020-52;9.02
Germany;Total;2020-53;8.72
Germany;Total;2021-01;7.6
Germany;Total;2021-02;6.89
Germany;Total;2021-03;6.22
Germany;Total;2021-04;4.06
Germany;Total;2021-05;2.74
Germany;Total;2021-06;1.56
Germany;Total;2021-07;0.99
Germany;Total;2021-08;-1.28
Germany;Total;2021-09;-1.96
Germany;Total;2021-10;-1.5
Germany;Total;2021-11;-1.66
Germany;Total;2021-12;-1.27
Germany;Total;2021-13;-0.82
Germany;Total;2021-14;0.15
Germany;Total;2021-15;0.93
Germany;Total;2021-16;1.65
Germany;Total;2021-17;2.55
Germany;Total;2021-18;2.53
Germany;Total;2021-19;1.52
Germany;Total;2021-20;0.43
Germany;Total;2021-21;-0.42
Germany;Total;2021-22;1.8
Germany;Total;2021-23;0.65
Germany;Total;2021-24;3.98
Germany;Total;2021-25;0.62
Germany;Total;2021-26;0.45
Germany;Total;2021-27;0.54
Germany;Total;2021-28;1.9
Germany;Total;2021-29;1.84
Germany;Total;2021-30;1.08
Germany;Total;2021-31;0.67
Germany;Total;2021-32;1.6
Germany;Total;2021-33;1.36
Germany;Total;2021-34;0.52
Germany;Total;2021-35;0.67
Germany;Total;2021-36;3.31
Germany;Total;2021-37;1.49
Germany;Total;2021-38;1.35
Germany;Total;2021-39;0.95
Germany;Total;2021-40;0.72
Germany;Total;2021-41;1.71
Germany;Total;2021-42;2.78
Germany;Total;2021-43;3.47
Germany;Total;2021-44;3.1
Germany;Total;2021-45;3.77
Germany;Total;2021-46;5.47
Germany;Total;2021-47;6.54
Germany;Total;2021-48;7.54
Germany;Total;2021-49;6.88
Germany;Total;2021-50;4.94
Germany;Total;2021-51;3.84
Germany;Total;2021-52;3.13
Germany;Total;2022-01;0.81
Germany;Total;2022-02;-0.67
Germany;Total;2022-03;-0.85
Germany;Total;2022-04;-0.27
Germany;Total;2022-05;0.51
Germany;Total;2022-06;0.26
Germany;Total;2022-07;1.45
Germany;Total;2022-08;0.4
Germany;Total;2022-09;1.17
Germany;Total;2022-10;2.13
Germany;Total;2022-11;2.64
Germany;Total;2022-12;2.74
Germany;Total;2022-13;2.56
Germany;Total;2022-14;3.04
Germany;Total;2022-15;2.28
Germany;Total;2022-16;1.48
Germany;Total;2022-17;1.51
Germany;Total;2022-18;1.63
Germany;Total;2022-19;2.05
Germany;Total;2022-20;1.15
Germany;Total;2022-21;-1.06
Germany;Total;2022-22;0.91
Germany;Total;2022-23;0.97
Germany;Total;2022-24;2.16
Germany;Total;2022-25;3.42
Germany;Total;2022-26;2.7
Germany;Total;2022-27;2.12
Germany;Total;2022-28;3.73
Germany;Total;2022-29;7.34
Germany;Total;2022-30;6.11
Germany;Total;2022-31;5.5
Germany;Total;2022-32;5.17
Germany;Total;2022-33;5.2
Germany;Total;2022-34;3.32
Germany;Total;2022-35;1.86
Germany;Total;2022-36;2.53
Germany;Total;2022-37;1.2
Germany;Total;2022-38;2.46
Germany;Total;2022-39;4.51
Germany;Total;2022-40;4.52
Germany;Total;2022-41;6.19
Germany;Total;2022-42;5.82
Germany;Total;2022-43;4.67
Germany;Total;2022-44;1.6
Germany;Total;2022-45;1.54
Germany;Total;2022-46;2.23
Germany;Total;2022-47;2.85
Germany;Total;2022-48;3.74
Germany;Total;2022-49;6.19
Germany;Total;2022-50;8.72
Germany;Total;2022-51;12.13
Germany;Total;2022-52;10.02
Germany;Total;2023-01;7.08
Germany;Total;2023-02;3.02
Germany;Total;2023-03;0.74
Germany;Total;2023-04;-0.18
Germany;Total;2023-05;0.52
Germany;Total;2023-06;-0.32
Germany;Total;2023-07;0.52
Germany;Total;2023-08;0.54
Germany;Total;2023-09;0.96
Germany;Total;2023-10;2.61
Germany;Total;2023-11;2.69
Germany;Total;2023-12;2.29
Germany;Total;2023-13;1.63
Germany;Total;2023-14;0.65
Germany;Total;2023-15;1.33
Germany;Total;2023-16;1.26
Germany;Total;2023-17;0.67
Germany;Total;2023-18;0.6
Germany;Total;2023-19;0.68
Germany;Total;2023-20;0.11
Germany;Total;2023-21;0.47
Germany;Total;2023-22;0.08
Germany;Total;2023-23;1.1
Germany;Total;2023-24;0.34
Germany;Total;2023-25;1.03
Germany;Total;2023-26;-0.78
Germany;Total;2023-27;-0.41
Germany;Total;2023-28;0.81
Germany;Total;2023-29;-0.94
Germany;Total;2023-30;-0.63
Germany;Total;2023-31;-0.79
Germany;Total;2023-32;0.25
Germany;Total;2023-33;1.97
Germany;Total;2023-34;1.25
Germany;Total;2023-35;-1.62
Germany;Total;2023-36;0.71
Germany;Total;2023-37;0
Germany;Total;2023-38;-1.33
Germany;Total;2023-39;-1.14
Germany;Total;2023-40;-0.52
Germany;Total;2023-41;0.23
Germany;Total;2023-42;1.08
Germany;Total;2023-43;2.03
Germany;Total;2023-44;1.88
Germany;Total;2023-45;1.79
Germany;Total;2023-46;1.72
Germany;Total;2023-47;1.66
Germany;Total;2023-48;2.9
Germany;Total;2023-49;3.97
Germany;Total;2023-50;3.07
Germany;Total;2023-51;3.32
Germany;Total;2023-52;1.48
Germany;Total;2024-01;1.17
Germany;Total;2024-02;0.49
Germany;Total;2024-03;1
Germany;Total;2024-04;1.43
Germany;Total;2024-05;1.15
Germany;Total;2024-06;1.71
Germany;Total;2024-07;0.25
Germany;Total;2024-08;-1.15
Germany;Total;2024-09;-1.48
Germany;Total;2024-10;-2.19
Germany;Total;2024-11;-1.84
Germany;Total;2024-12;-2.69
Germany;Total;2024-13;-2.17
Germany;Total;2024-14;-1.51
Germany;Total;2024-15;-2.39
Germany;Total;2024-16;-2.51
Germany;Total;2024-17;-1.2
Germany;Total;2024-18;-0.28
Germany;Total;2024-19;-1.36
Germany;Total;2024-20;0.03
Germany;Total;2024-21;-1.73
Germany;Total;2024-22;-1.56
Germany;Total;2024-23;-1.37
Germany;Total;2024-24;-0.4
Germany;Total;2024-25;0.55
Germany;Total;2024-26;2.46
Germany;Total;2024-27;-1
Germany;Total;2024-28;0.82
Germany;Total;2024-29;0.82
Germany;Total;2024-30;-0.88
Germany;Total;2024-31;0.18
Germany;Total;2024-32;-0.46
Germany;Total;2024-33;1.15
Germany;Total;2024-34;-1.06
Germany;Total;2024-35;-0.06
Germany;Total;2024-36;0.71
Germany;Total;2024-37;-1.51
Germany;Total;2024-38;0.59
Germany;Total;2024-39;0.24
Germany;Total;2024-40;-0.03
Germany;Total;2024-41;1.22
Germany;Total;2024-42;1.24
Germany;Total;2024-43;0.19
Germany;Total;2024-44;-0.56
Germany;Total;2024-45;-0.61
Germany;Total;2024-46;0.02
Germany;Total;2024-47;0.26
Germany;Total;2024-48;0.08
Germany;Total;2024-49;0.79
Germany;Total;2024-50;0.72
Greece;Total;2018-52;3.25
Greece;Total;2019-01;3.71
Greece;Total;2019-02;6.51
Greece;Total;2019-03;5.95
Greece;Total;2019-04;4.61
Greece;Total;2019-05;4.83
Greece;Total;2019-06;3.91
Greece;Total;2019-07;2.35
Greece;Total;2019-08;3.09
Greece;Total;2019-09;3.88
Greece;Total;2019-10;2.03
Greece;Total;2019-11;1.58
Greece;Total;2019-12;0.95
Greece;Total;2019-13;0.5
Greece;Total;2019-14;1.29
Greece;Total;2019-15;0.42
Greece;Total;2019-16;-0.26
Greece;Total;2019-17;1.37
Greece;Total;2019-18;1.02
Greece;Total;2019-19;0.74
Greece;Total;2019-20;0.38
Greece;Total;2019-21;-0.13
Greece;Total;2019-22;0.6
Greece;Total;2019-23;0.63
Greece;Total;2019-24;3.03
Greece;Total;2019-25;1.52
Greece;Total;2019-26;2.05
Greece;Total;2019-27;1.65
Greece;Total;2019-28;0.84
Greece;Total;2019-29;-0.66
Greece;Total;2019-30;1.58
Greece;Total;2019-31;1.98
Greece;Total;2019-32;2.07
Greece;Total;2019-33;1.8
Greece;Total;2019-34;1.09
Greece;Total;2019-35;1.82
Greece;Total;2019-36;-0.24
Greece;Total;2019-37;-0.56
Greece;Total;2019-38;-0.35
Greece;Total;2019-39;-0.47
Greece;Total;2019-40;0.08
Greece;Total;2019-41;-0.83
Greece;Total;2019-42;-0.34
Greece;Total;2019-43;0.06
Greece;Total;2019-44;0.98
Greece;Total;2019-45;1.03
Greece;Total;2019-46;0.27
Greece;Total;2019-47;0.17
Greece;Total;2019-48;1.68
Greece;Total;2019-49;2.54
Greece;Total;2019-50;1.98
Greece;Total;2019-51;1.8
Greece;Total;2019-52;1.84
Greece;Total;2020-01;3.97
Greece;Total;2020-02;5.15
Greece;Total;2020-03;4.65
Greece;Total;2020-04;3.97
Greece;Total;2020-05;5.48
Greece;Total;2020-06;4.37
Greece;Total;2020-07;3.87
Greece;Total;2020-08;1.52
Greece;Total;2020-09;2.12
Greece;Total;2020-10;2.82
Greece;Total;2020-11;2.5
Greece;Total;2020-12;2.19
Greece;Total;2020-13;1.41
Greece;Total;2020-14;1.51
Greece;Total;2020-15;0.73
Greece;Total;2020-16;-0.03
Greece;Total;2020-17;-0.52
Greece;Total;2020-18;0.4
Greece;Total;2020-19;-1.09
Greece;Total;2020-20;1.99
Greece;Total;2020-21;0.79
Greece;Total;2020-22;-2.46
Greece;Total;2020-23;-1.06
Greece;Total;2020-24;-0.08
Greece;Total;2020-25;1.34
Greece;Total;2020-26;-0.18
Greece;Total;2020-27;4.05
Greece;Total;2020-28;0.93
Greece;Total;2020-29;-0.42
Greece;Total;2020-30;0.56
Greece;Total;2020-31;4.52
Greece;Total;2020-32;3.1
Greece;Total;2020-33;1.7
Greece;Total;2020-34;1.82
Greece;Total;2020-35;1.18
Greece;Total;2020-36;1.39
Greece;Total;2020-37;1.04
Greece;Total;2020-38;1.06
Greece;Total;2020-39;-0.02
Greece;Total;2020-40;0.49
Greece;Total;2020-41;0.41
Greece;Total;2020-42;-0.25
Greece;Total;2020-43;0.39
Greece;Total;2020-44;1.66
Greece;Total;2020-45;2.99
Greece;Total;2020-46;4.95
Greece;Total;2020-47;7.63
Greece;Total;2020-48;8.78
Greece;Total;2020-49;8.74
Greece;Total;2020-50;6.95
Greece;Total;2020-51;5.49
Greece;Total;2020-52;4.06
Greece;Total;2020-53;3.34
Greece;Total;2021-01;2.73
Greece;Total;2021-02;1.69
Greece;Total;2021-03;2.84
Greece;Total;2021-04;2.62
Greece;Total;2021-05;1.59
Greece;Total;2021-06;1.28
Greece;Total;2021-07;1.82
Greece;Total;2021-08;2.84
Greece;Total;2021-09;3.32
Greece;Total;2021-10;2.8
Greece;Total;2021-11;3.88
Greece;Total;2021-12;3.82
Greece;Total;2021-13;5.39
Greece;Total;2021-14;4.98
Greece;Total;2021-15;5.6
Greece;Total;2021-16;4.15
Greece;Total;2021-17;4.43
Greece;Total;2021-18;5.6
Greece;Total;2021-19;1.73
Greece;Total;2021-20;3.03
Greece;Total;2021-21;2.85
Greece;Total;2021-22;0.67
Greece;Total;2021-23;1.56
Greece;Total;2021-24;0.89
Greece;Total;2021-25;6.62
Greece;Total;2021-26;8.11
Greece;Total;2021-27;4.26
Greece;Total;2021-28;4.43
Greece;Total;2021-29;2.56
Greece;Total;2021-30;5.3
Greece;Total;2021-31;13.55
Greece;Total;2021-32;6.68
Greece;Total;2021-33;4.6
Greece;Total;2021-34;5.38
Greece;Total;2021-35;3.34
Greece;Total;2021-36;3.27
Greece;Total;2021-37;4.88
Greece;Total;2021-38;3.58
Greece;Total;2021-39;2.32
Greece;Total;2021-40;2.44
Greece;Total;2021-41;3.04
Greece;Total;2021-42;3.5
Greece;Total;2021-43;4.43
Greece;Total;2021-44;6.52
Greece;Total;2021-45;5.61
Greece;Total;2021-46;6.93
Greece;Total;2021-47;7.64
Greece;Total;2021-48;7.33
Greece;Total;2021-49;7.72
Greece;Total;2021-50;8.14
Greece;Total;2021-51;8.32
Greece;Total;2021-52;7.79
Greece;Total;2022-01;7.47
Greece;Total;2022-02;8.21
Greece;Total;2022-03;7.67
Greece;Total;2022-04;9.98
Greece;Total;2022-05;9.15
Greece;Total;2022-06;7.01
Greece;Total;2022-07;5.9
Greece;Total;2022-08;3.82
Greece;Total;2022-09;4.19
Greece;Total;2022-10;4.19
Greece;Total;2022-11;6.01
Greece;Total;2022-12;6.07
Greece;Total;2022-13;5.88
Greece;Total;2022-14;4.64
Greece;Total;2022-15;4.56
Greece;Total;2022-16;3.01
Greece;Total;2022-17;3.01
Greece;Total;2022-18;0.45
Greece;Total;2022-19;1.9
Greece;Total;2022-20;1.28
Greece;Total;2022-21;1.69
Greece;Total;2022-22;3.03
Greece;Total;2022-23;1.06
Greece;Total;2022-24;0.29
Greece;Total;2022-25;2.21
Greece;Total;2022-26;2.94
Greece;Total;2022-27;4.34
Greece;Total;2022-28;3.16
Greece;Total;2022-29;4.43
Greece;Total;2022-30;8.31
Greece;Total;2022-31;7.33
Greece;Total;2022-32;4.77
Greece;Total;2022-33;3.72
Greece;Total;2022-34;1.93
Greece;Total;2022-35;2.17
Greece;Total;2022-36;0.57
Greece;Total;2022-37;0.74
Greece;Total;2022-38;-0.18
Greece;Total;2022-39;1.77
Greece;Total;2022-40;0.12
Greece;Total;2022-41;0.45
Greece;Total;2022-42;1.13
Greece;Total;2022-43;1.94
Greece;Total;2022-44;2.17
Greece;Total;2022-45;1.62
Greece;Total;2022-46;3.22
Greece;Total;2022-47;2.18
Greece;Total;2022-48;4.02
Greece;Total;2022-49;3.72
Greece;Total;2022-50;2.82
Greece;Total;2022-51;3.63
Greece;Total;2022-52;5.7
Greece;Total;2023-01;5.56
Greece;Total;2023-02;5.9
Greece;Total;2023-03;5.34
Greece;Total;2023-04;4.07
Greece;Total;2023-05;3.65
Greece;Total;2023-06;4.04
Greece;Total;2023-07;4.36
Greece;Total;2023-08;3.47
Greece;Total;2023-09;2.86
Greece;Total;2023-10;1.57
Greece;Total;2023-11;0.38
Greece;Total;2023-12;1.09
Greece;Total;2023-13;0.92
Greece;Total;2023-14;-0.37
Greece;Total;2023-15;0.42
Greece;Total;2023-16;1.26
Greece;Total;2023-17;0.45
Greece;Total;2023-18;0.54
Greece;Total;2023-19;-0.4
Greece;Total;2023-20;-0.34
Greece;Total;2023-21;-0.05
Greece;Total;2023-22;-0.51
Greece;Total;2023-23;0.4
Greece;Total;2023-24;-0.76
Greece;Total;2023-25;0.56
Greece;Total;2023-26;-0.85
Greece;Total;2023-27;1.18
Greece;Total;2023-28;1.74
Greece;Total;2023-29;6.95
Greece;Total;2023-30;6.05
Greece;Total;2023-31;1.13
Greece;Total;2023-32;-0.65
Greece;Total;2023-33;1.72
Greece;Total;2023-34;3.93
Greece;Total;2023-35;1.25
Greece;Total;2023-36;-0.37
Greece;Total;2023-37;0.46
Greece;Total;2023-38;0.91
Greece;Total;2023-39;-0.11
Greece;Total;2023-40;-0.88
Greece;Total;2023-41;-1.18
Greece;Total;2023-42;0.43
Greece;Total;2023-43;0.73
Greece;Total;2023-44;-0.35
Greece;Total;2023-45;-0.69
Greece;Total;2023-46;-0.63
Greece;Total;2023-47;1.46
Greece;Total;2023-48;2.3
Greece;Total;2023-49;1.04
Greece;Total;2023-50;3.16
Greece;Total;2023-51;3.73
Greece;Total;2023-52;4.79
Greece;Total;2024-01;5.05
Greece;Total;2024-02;4.17
Greece;Total;2024-03;4.32
Greece;Total;2024-04;2.54
Greece;Total;2024-05;2.43
Greece;Total;2024-06;2.38
Greece;Total;2024-07;0.1
Greece;Total;2024-08;0.37
Greece;Total;2024-09;-0.09
Greece;Total;2024-10;-0.81
Greece;Total;2024-11;-1.17
Greece;Total;2024-12;-1.02
Greece;Total;2024-13;-0.04
Greece;Total;2024-14;-0.88
Greece;Total;2024-15;-1.23
Greece;Total;2024-16;-1.79
Greece;Total;2024-17;-1.85
Greece;Total;2024-18;-1.56
Greece;Total;2024-19;-0.19
Greece;Total;2024-20;-1.33
Greece;Total;2024-21;0.42
Greece;Total;2024-22;-1.8
Greece;Total;2024-23;1.95
Greece;Total;2024-24;1.2
Greece;Total;2024-25;2.19
Greece;Total;2024-26;0.63
Greece;Total;2024-27;0.79
Greece;Total;2024-28;3.53
Greece;Total;2024-29;8.24
Greece;Total;2024-30;4.98
Greece;Total;2024-31;2.84
Greece;Total;2024-32;1.42
Greece;Total;2024-33;3.71
Greece;Total;2024-34;1.4
Greece;Total;2024-35;1.34
Greece;Total;2024-36;1.46
Greece;Total;2024-37;0.13
Greece;Total;2024-38;-0.45
Greece;Total;2024-39;0.27
Greece;Total;2024-40;0.11
Greece;Total;2024-41;-0.17
Greece;Total;2024-42;-0.45
Greece;Total;2024-43;-0.14
Greece;Total;2024-44;0.3
Greece;Total;2024-45;0.85
Greece;Total;2024-46;2.06
Greece;Total;2024-47;1.45
Greece;Total;2024-48;2.02
Greece;Total;2024-49;2.22
Greece;Total;2024-50;1.36
Hungary;Total;2018-52;2.49
Hungary;Total;2019-01;4
Hungary;Total;2019-02;4.26
Hungary;Total;2019-03;3.76
Hungary;Total;2019-04;5.05
Hungary;Total;2019-05;6.4
Hungary;Total;2019-06;5.63
Hungary;Total;2019-07;3.91
Hungary;Total;2019-08;3.06
Hungary;Total;2019-09;3.54
Hungary;Total;2019-10;1.99
Hungary;Total;2019-11;2.24
Hungary;Total;2019-12;0.29
Hungary;Total;2019-13;-0.21
Hungary;Total;2019-14;0.18
Hungary;Total;2019-15;0.04
Hungary;Total;2019-16;-0.36
Hungary;Total;2019-17;0.81
Hungary;Total;2019-18;0.14
Hungary;Total;2019-19;-0.03
Hungary;Total;2019-20;-0.78
Hungary;Total;2019-21;0.22
Hungary;Total;2019-22;-0.87
Hungary;Total;2019-23;0.42
Hungary;Total;2019-24;3.58
Hungary;Total;2019-25;-0.03
Hungary;Total;2019-26;0.14
Hungary;Total;2019-27;0.21
Hungary;Total;2019-28;-1.58
Hungary;Total;2019-29;0.54
Hungary;Total;2019-30;2.39
Hungary;Total;2019-31;-0.56
Hungary;Total;2019-32;-0.5
Hungary;Total;2019-33;-0.39
Hungary;Total;2019-34;-0.49
Hungary;Total;2019-35;0.87
Hungary;Total;2019-36;-0.94
Hungary;Total;2019-37;-1.48
Hungary;Total;2019-38;-0.68
Hungary;Total;2019-39;1.49
Hungary;Total;2019-40;0.92
Hungary;Total;2019-41;-0.01
Hungary;Total;2019-42;-0.07
Hungary;Total;2019-43;-0.61
Hungary;Total;2019-44;-1.41
Hungary;Total;2019-45;-0.09
Hungary;Total;2019-46;-1.04
Hungary;Total;2019-47;-1.66
Hungary;Total;2019-48;-1.27
Hungary;Total;2019-49;0.37
Hungary;Total;2019-50;-0.02
Hungary;Total;2019-51;0.11
Hungary;Total;2019-52;-0.38
Hungary;Total;2020-01;0.9
Hungary;Total;2020-02;0.49
Hungary;Total;2020-03;0.41
Hungary;Total;2020-04;1.43
Hungary;Total;2020-05;2.03
Hungary;Total;2020-06;0.85
Hungary;Total;2020-07;1.78
Hungary;Total;2020-08;0.67
Hungary;Total;2020-09;2.34
Hungary;Total;2020-10;1.14
Hungary;Total;2020-11;1.16
Hungary;Total;2020-12;3.01
Hungary;Total;2020-13;1.6
Hungary;Total;2020-14;1.17
Hungary;Total;2020-15;1.66
Hungary;Total;2020-16;1.52
Hungary;Total;2020-17;0.26
Hungary;Total;2020-18;-0.59
Hungary;Total;2020-19;0.07
Hungary;Total;2020-20;0.55
Hungary;Total;2020-21;-1.56
Hungary;Total;2020-22;-0.57
Hungary;Total;2020-23;1.33
Hungary;Total;2020-24;0.48
Hungary;Total;2020-25;-1.5
Hungary;Total;2020-26;0.56
Hungary;Total;2020-27;0.99
Hungary;Total;2020-28;-0.29
Hungary;Total;2020-29;-0.96
Hungary;Total;2020-30;-0.56
Hungary;Total;2020-31;1.22
Hungary;Total;2020-32;0.87
Hungary;Total;2020-33;0.34
Hungary;Total;2020-34;-0.25
Hungary;Total;2020-35;-0.66
Hungary;Total;2020-36;-0.54
Hungary;Total;2020-37;0.36
Hungary;Total;2020-38;1.4
Hungary;Total;2020-39;1.23
Hungary;Total;2020-40;2.01
Hungary;Total;2020-41;1.78
Hungary;Total;2020-42;3.37
Hungary;Total;2020-43;5.26
Hungary;Total;2020-44;6.6
Hungary;Total;2020-45;9.47
Hungary;Total;2020-46;12.49
Hungary;Total;2020-47;11.94
Hungary;Total;2020-48;12.5
Hungary;Total;2020-49;12.95
Hungary;Total;2020-50;12.3
Hungary;Total;2020-51;9.52
Hungary;Total;2020-52;9.47
Hungary;Total;2020-53;7.61
Hungary;Total;2021-01;5.45
Hungary;Total;2021-02;5.33
Hungary;Total;2021-03;4.14
Hungary;Total;2021-04;2.9
Hungary;Total;2021-05;2.84
Hungary;Total;2021-06;2.9
Hungary;Total;2021-07;3.37
Hungary;Total;2021-08;5.41
Hungary;Total;2021-09;6.37
Hungary;Total;2021-10;10.57
Hungary;Total;2021-11;14.5
Hungary;Total;2021-12;16.78
Hungary;Total;2021-13;16.98
Hungary;Total;2021-14;14.5
Hungary;Total;2021-15;10.07
Hungary;Total;2021-16;7.93
Hungary;Total;2021-17;5.84
Hungary;Total;2021-18;3.93
Hungary;Total;2021-19;2.42
Hungary;Total;2021-20;1.19
Hungary;Total;2021-21;0.76
Hungary;Total;2021-22;1.56
Hungary;Total;2021-23;1.29
Hungary;Total;2021-24;1.34
Hungary;Total;2021-25;4.14
Hungary;Total;2021-26;1.7
Hungary;Total;2021-27;1.4
Hungary;Total;2021-28;2.03
Hungary;Total;2021-29;-1
Hungary;Total;2021-30;2.48
Hungary;Total;2021-31;-0.39
Hungary;Total;2021-32;1.1
Hungary;Total;2021-33;-0.41
Hungary;Total;2021-34;-1.03
Hungary;Total;2021-35;-0.04
Hungary;Total;2021-36;1.04
Hungary;Total;2021-37;1.42
Hungary;Total;2021-38;0.47
Hungary;Total;2021-39;0.84
Hungary;Total;2021-40;1.48
Hungary;Total;2021-41;2.46
Hungary;Total;2021-42;2.33
Hungary;Total;2021-43;4.75
Hungary;Total;2021-44;7.63
Hungary;Total;2021-45;8.92
Hungary;Total;2021-46;9.77
Hungary;Total;2021-47;12.17
Hungary;Total;2021-48;12.92
Hungary;Total;2021-49;11.24
Hungary;Total;2021-50;8.82
Hungary;Total;2021-51;7.39
Hungary;Total;2021-52;6.56
Hungary;Total;2022-01;4.87
Hungary;Total;2022-02;2.91
Hungary;Total;2022-03;2.45
Hungary;Total;2022-04;3.1
Hungary;Total;2022-05;4.81
Hungary;Total;2022-06;5.08
Hungary;Total;2022-07;5.48
Hungary;Total;2022-08;4.22
Hungary;Total;2022-09;3.36
Hungary;Total;2022-10;2.52
Hungary;Total;2022-11;3.6
Hungary;Total;2022-12;2.91
Hungary;Total;2022-13;3.31
Hungary;Total;2022-14;3.28
Hungary;Total;2022-15;1.64
Hungary;Total;2022-16;2.33
Hungary;Total;2022-17;2.67
Hungary;Total;2022-18;1.28
Hungary;Total;2022-19;0.99
Hungary;Total;2022-20;-0.3
Hungary;Total;2022-21;-0.81
Hungary;Total;2022-22;0.83
Hungary;Total;2022-23;1.01
Hungary;Total;2022-24;-1.45
Hungary;Total;2022-25;0.86
Hungary;Total;2022-26;4.84
Hungary;Total;2022-27;0.47
Hungary;Total;2022-28;-0.25
Hungary;Total;2022-29;3.89
Hungary;Total;2022-30;2.7
Hungary;Total;2022-31;1.11
Hungary;Total;2022-32;1.45
Hungary;Total;2022-33;2.96
Hungary;Total;2022-34;0.75
Hungary;Total;2022-35;-0.47
Hungary;Total;2022-36;0.62
Hungary;Total;2022-37;-0.35
Hungary;Total;2022-38;1.73
Hungary;Total;2022-39;3.92
Hungary;Total;2022-40;2.12
Hungary;Total;2022-41;2.22
Hungary;Total;2022-42;1.14
Hungary;Total;2022-43;1.38
Hungary;Total;2022-44;0.69
Hungary;Total;2022-45;0.59
Hungary;Total;2022-46;0.8
Hungary;Total;2022-47;1.14
Hungary;Total;2022-48;1.33
Hungary;Total;2022-49;2.77
Hungary;Total;2022-50;2.3
Hungary;Total;2022-51;2.97
Hungary;Total;2022-52;3.69
Hungary;Total;2023-01;2.06
Hungary;Total;2023-02;0.95
Hungary;Total;2023-03;0.87
Hungary;Total;2023-04;-0.24
Hungary;Total;2023-05;1.3
Hungary;Total;2023-06;1.53
Hungary;Total;2023-07;2.81
Hungary;Total;2023-08;2.89
Hungary;Total;2023-09;2.07
Hungary;Total;2023-10;2.67
Hungary;Total;2023-11;2.91
Hungary;Total;2023-12;2.67
Hungary;Total;2023-13;1.83
Hungary;Total;2023-14;0.95
Hungary;Total;2023-15;1.42
Hungary;Total;2023-16;0.94
Hungary;Total;2023-17;0.04
Hungary;Total;2023-18;0.65
Hungary;Total;2023-19;-0.42
Hungary;Total;2023-20;0.48
Hungary;Total;2023-21;0.29
Hungary;Total;2023-22;-0.31
Hungary;Total;2023-23;-0.3
Hungary;Total;2023-24;-0.4
Hungary;Total;2023-25;1.11
Hungary;Total;2023-26;-1.34
Hungary;Total;2023-27;-0.5
Hungary;Total;2023-28;1.85
Hungary;Total;2023-29;0.35
Hungary;Total;2023-30;-0.56
Hungary;Total;2023-31;-2.01
Hungary;Total;2023-32;-1.76
Hungary;Total;2023-33;1.33
Hungary;Total;2023-34;1.9
Hungary;Total;2023-35;-1.14
Hungary;Total;2023-36;-0.89
Hungary;Total;2023-37;-0.44
Hungary;Total;2023-38;-1.31
Hungary;Total;2023-39;-2.05
Hungary;Total;2023-40;-0.18
Hungary;Total;2023-41;1.51
Hungary;Total;2023-42;1.12
Hungary;Total;2023-43;1.71
Hungary;Total;2023-44;0.65
Hungary;Total;2023-45;-0.18
Hungary;Total;2023-46;0.09
Hungary;Total;2023-47;1.1
Hungary;Total;2023-48;1.42
Hungary;Total;2023-49;2.77
Hungary;Total;2023-50;3.05
Hungary;Total;2023-51;3.78
Hungary;Total;2023-52;2.48
Hungary;Total;2024-01;2.21
Hungary;Total;2024-02;1.33
Hungary;Total;2024-03;2.13
Hungary;Total;2024-04;1.31
Hungary;Total;2024-05;1.86
Hungary;Total;2024-06;2.39
Hungary;Total;2024-07;0.67
Hungary;Total;2024-08;0.62
Hungary;Total;2024-09;0.61
Hungary;Total;2024-10;-0.62
Hungary;Total;2024-11;0.52
Hungary;Total;2024-12;-0.48
Hungary;Total;2024-13;0.25
Hungary;Total;2024-14;0.4
Hungary;Total;2024-15;-0.41
Hungary;Total;2024-16;-1.68
Hungary;Total;2024-17;-0.66
Hungary;Total;2024-18;-0.15
Hungary;Total;2024-19;-0.64
Hungary;Total;2024-20;-0.11
Hungary;Total;2024-21;0.22
Hungary;Total;2024-22;-0.31
Hungary;Total;2024-23;-0.08
Hungary;Total;2024-24;-1.57
Hungary;Total;2024-25;1.04
Hungary;Total;2024-26;-0.17
Hungary;Total;2024-27;0.09
Hungary;Total;2024-28;3.73
Hungary;Total;2024-29;6.01
Hungary;Total;2024-30;-0.31
Hungary;Total;2024-31;-0.17
Hungary;Total;2024-32;-0.25
Hungary;Total;2024-33;3.75
Hungary;Total;2024-34;0.73
Hungary;Total;2024-35;0.4
Hungary;Total;2024-36;0.31
Hungary;Total;2024-37;-1.85
Hungary;Total;2024-38;0.98
Hungary;Total;2024-39;1.52
Hungary;Total;2024-40;2.3
Hungary;Total;2024-41;0.62
Hungary;Total;2024-42;0.61
Hungary;Total;2024-43;1.3
Hungary;Total;2024-44;0.25
Hungary;Total;2024-45;-0.3
Hungary;Total;2024-46;0.48
Hungary;Total;2024-47;-0.87
Hungary;Total;2024-48;-1.86
Hungary;Total;2024-49;-3.62
Hungary;Total;2024-50;-4.47
Ireland;Total;2018-52;-0.6
Ireland;Total;2019-01;0.34
Ireland;Total;2019-02;1.76
Ireland;Total;2019-03;-0.17
Ireland;Total;2019-04;2.01
Ireland;Total;2019-05;1.67
Ireland;Total;2019-06;1.56
Ireland;Total;2019-07;1.14
Ireland;Total;2019-08;-1.49
Ireland;Total;2019-09;-0.09
Ireland;Total;2019-10;-0.05
Ireland;Total;2019-11;-0.95
Ireland;Total;2019-12;-2.47
Ireland;Total;2019-13;-0.15
Ireland;Total;2019-14;-1.38
Ireland;Total;2019-15;0.53
Ireland;Total;2019-16;-0.16
Ireland;Total;2019-17;-1.03
Ireland;Total;2019-18;0.24
Ireland;Total;2019-19;1.94
Ireland;Total;2019-20;-0.21
Ireland;Total;2019-21;-0.09
Ireland;Total;2019-22;2.08
Ireland;Total;2019-23;-1.17
Ireland;Total;2019-24;0.41
Ireland;Total;2019-25;2.5
Ireland;Total;2019-26;-0.26
Ireland;Total;2019-27;0.93
Ireland;Total;2019-28;-1.14
Ireland;Total;2019-29;-0.77
Ireland;Total;2019-30;-0.81
Ireland;Total;2019-31;-1.55
Ireland;Total;2019-32;-2.21
Ireland;Total;2019-33;-0.59
Ireland;Total;2019-34;0.13
Ireland;Total;2019-35;0.08
Ireland;Total;2019-36;-0.86
Ireland;Total;2019-37;0.17
Ireland;Total;2019-38;-0.62
Ireland;Total;2019-39;-0.15
Ireland;Total;2019-40;-0.26
Ireland;Total;2019-41;0.31
Ireland;Total;2019-42;0.22
Ireland;Total;2019-43;0.76
Ireland;Total;2019-44;1.04
Ireland;Total;2019-45;-0.32
Ireland;Total;2019-46;0.39
Ireland;Total;2019-47;1.24
Ireland;Total;2019-48;0.26
Ireland;Total;2019-49;0.14
Ireland;Total;2019-50;1.65
Ireland;Total;2019-51;3.25
Ireland;Total;2019-52;2.16
Ireland;Total;2020-01;2.07
Ireland;Total;2020-02;2.92
Ireland;Total;2020-03;0.31
Ireland;Total;2020-04;-0.01
Ireland;Total;2020-05;-0.06
Ireland;Total;2020-06;0.09
Ireland;Total;2020-07;0.75
Ireland;Total;2020-08;0.28
Ireland;Total;2020-09;0.17
Ireland;Total;2020-10;-0.08
Ireland;Total;2020-11;-0.19
Ireland;Total;2020-12;0.85
Ireland;Total;2020-13;2.98
Ireland;Total;2020-14;8.15
Ireland;Total;2020-15;10.51
Ireland;Total;2020-16;9.24
Ireland;Total;2020-17;6.16
Ireland;Total;2020-18;3.42
Ireland;Total;2020-19;2.52
Ireland;Total;2020-20;1.33
Ireland;Total;2020-21;-0.62
Ireland;Total;2020-22;0.27
Ireland;Total;2020-23;-1.92
Ireland;Total;2020-24;-1.04
Ireland;Total;2020-25;-1.62
Ireland;Total;2020-26;-1.44
Ireland;Total;2020-27;-2.72
Ireland;Total;2020-28;-1.47
Ireland;Total;2020-29;0.67
Ireland;Total;2020-30;-1.28
Ireland;Total;2020-31;-2.81
Ireland;Total;2020-32;-0.71
Ireland;Total;2020-33;-0.93
Ireland;Total;2020-34;-0.3
Ireland;Total;2020-35;-0.53
Ireland;Total;2020-36;-0.9
Ireland;Total;2020-37;1.38
Ireland;Total;2020-38;-2.5
Ireland;Total;2020-39;-1.02
Ireland;Total;2020-40;1.13
Ireland;Total;2020-41;0.57
Ireland;Total;2020-42;0.37
Ireland;Total;2020-43;0.76
Ireland;Total;2020-44;1.41
Ireland;Total;2020-45;-0.99
Ireland;Total;2020-46;0.37
Ireland;Total;2020-47;-1.55
Ireland;Total;2020-48;-2.08
Ireland;Total;2020-49;-0.42
Ireland;Total;2020-50;-1.52
Ireland;Total;2020-51;-0.91
Ireland;Total;2020-52;-0.28
Ireland;Total;2020-53;0.89
Ireland;Total;2021-01;3.81
Ireland;Total;2021-02;7.41
Ireland;Total;2021-03;9.51
Ireland;Total;2021-04;8.72
Ireland;Total;2021-05;6.53
Ireland;Total;2021-06;5.66
Ireland;Total;2021-07;3.07
Ireland;Total;2021-08;0.65
Ireland;Total;2021-09;-0.57
Ireland;Total;2021-10;-2.43
Ireland;Total;2021-11;-2.37
Ireland;Total;2021-12;-1.45
Ireland;Total;2021-13;-0.37
Ireland;Total;2021-14;-2.3
Ireland;Total;2021-15;-0.53
Ireland;Total;2021-16;-0.95
Ireland;Total;2021-17;-0.59
Ireland;Total;2021-18;0.98
Ireland;Total;2021-19;-0.16
Ireland;Total;2021-20;-1.05
Ireland;Total;2021-21;0.35
Ireland;Total;2021-22;-0.16
Ireland;Total;2021-23;-0.59
Ireland;Total;2021-24;-2.39
Ireland;Total;2021-25;-1.82
Ireland;Total;2021-26;0.69
Ireland;Total;2021-27;-1.32
Ireland;Total;2021-28;1.11
Ireland;Total;2021-29;3.48
Ireland;Total;2021-30;-0.33
Ireland;Total;2021-31;-0.01
Ireland;Total;2021-32;1.59
Ireland;Total;2021-33;0.44
Ireland;Total;2021-34;0.14
Ireland;Total;2021-35;0.93
Ireland;Total;2021-36;1.86
Ireland;Total;2021-37;-0.39
Ireland;Total;2021-38;0.48
Ireland;Total;2021-39;3.51
Ireland;Total;2021-40;0.67
Ireland;Total;2021-41;1.93
Ireland;Total;2021-42;2.11
Ireland;Total;2021-43;1.1
Ireland;Total;2021-44;3.5
Ireland;Total;2021-45;2.02
Ireland;Total;2021-46;0.6
Ireland;Total;2021-47;2.35
Ireland;Total;2021-48;1.25
Ireland;Total;2021-49;1.79
Ireland;Total;2021-50;0.4
Ireland;Total;2021-51;2.34
Ireland;Total;2021-52;0.15
Ireland;Total;2022-01;1.64
Ireland;Total;2022-02;-0.25
Ireland;Total;2022-03;1.51
Ireland;Total;2022-04;0
Ireland;Total;2022-05;0.23
Ireland;Total;2022-06;0.28
Ireland;Total;2022-07;-0.09
Ireland;Total;2022-08;0.27
Ireland;Total;2022-09;0
Ireland;Total;2022-10;0.42
Ireland;Total;2022-11;-0.63
Ireland;Total;2022-12;0.49
Ireland;Total;2022-13;0.34
Ireland;Total;2022-14;2.72
Ireland;Total;2022-15;4.19
Ireland;Total;2022-16;1.52
Ireland;Total;2022-17;1.43
Ireland;Total;2022-18;-0.67
Ireland;Total;2022-19;1.62
Ireland;Total;2022-20;1.86
Ireland;Total;2022-21;1.99
Ireland;Total;2022-22;0.38
Ireland;Total;2022-23;0.72
Ireland;Total;2022-24;1.56
Ireland;Total;2022-25;1.43
Ireland;Total;2022-26;1.62
Ireland;Total;2022-27;1.45
Ireland;Total;2022-28;1.76
Ireland;Total;2022-29;0.91
Ireland;Total;2022-30;2.07
Ireland;Total;2022-31;0.82
Ireland;Total;2022-32;1.31
Ireland;Total;2022-33;0.21
Ireland;Total;2022-34;0.69
Ireland;Total;2022-35;-0.58
Ireland;Total;2022-36;0.5
Ireland;Total;2022-37;-0.93
Ireland;Total;2022-38;0.05
Ireland;Total;2022-39;1.95
Ireland;Total;2022-40;0.06
Ireland;Total;2022-41;2.12
Ireland;Total;2022-42;1.08
Ireland;Total;2022-43;1.8
Ireland;Total;2022-44;0.71
Ireland;Total;2022-45;1.28
Ireland;Total;2022-46;1
Ireland;Total;2022-47;0.99
Ireland;Total;2022-48;0.93
Ireland;Total;2022-49;2.15
Ireland;Total;2022-50;3.93
Ireland;Total;2022-51;7.28
Ireland;Total;2022-52;8.34
Ireland;Total;2023-01;6.76
Ireland;Total;2023-02;6.15
Ireland;Total;2023-03;2.83
Ireland;Total;2023-04;1.15
Ireland;Total;2023-05;-1.03
Ireland;Total;2023-06;-0.55
Ireland;Total;2023-07;-1.07
Ireland;Total;2023-08;-1.47
Ireland;Total;2023-09;-1.95
Ireland;Total;2023-10;1.57
Ireland;Total;2023-11;1.45
Ireland;Total;2023-12;-0.26
Ireland;Total;2023-13;-1.87
Ireland;Total;2023-14;0.53
Ireland;Total;2023-15;-0.1
Ireland;Total;2023-16;0.13
Ireland;Total;2023-17;0.72
Ireland;Total;2023-18;0.17
Ireland;Total;2023-19;0.98
Ireland;Total;2023-20;-0.43
Ireland;Total;2023-21;-0.09
Ireland;Total;2023-22;0.47
Ireland;Total;2023-23;-0.69
Ireland;Total;2023-24;0.89
Ireland;Total;2023-25;-0.6
Ireland;Total;2023-26;-0.39
Ireland;Total;2023-27;0.76
Ireland;Total;2023-28;-0.55
Ireland;Total;2023-29;-0.18
Ireland;Total;2023-30;-0.78
Ireland;Total;2023-31;0.47
Ireland;Total;2023-32;-0.66
Ireland;Total;2023-33;0.91
Ireland;Total;2023-34;1.42
Ireland;Total;2023-35;-0.12
Ireland;Total;2023-36;0.51
Ireland;Total;2023-37;-0.36
Ireland;Total;2023-38;-0.7
Ireland;Total;2023-39;-1.76
Ireland;Total;2023-40;1.16
Ireland;Total;2023-41;-1.03
Ireland;Total;2023-42;1.14
Ireland;Total;2023-43;0.58
Ireland;Total;2023-44;-1.61
Ireland;Total;2023-45;-0.7
Ireland;Total;2023-46;-0.56
Ireland;Total;2023-47;0.52
Ireland;Total;2023-48;-2.71
Ireland;Total;2023-49;0.99
Ireland;Total;2023-50;1.16
Ireland;Total;2023-51;0.37
Ireland;Total;2023-52;0.65
Ireland;Total;2024-01;1.07
Ireland;Total;2024-02;2.06
Ireland;Total;2024-03;0.88
Ireland;Total;2024-04;4.11
Ireland;Total;2024-05;1.29
Ireland;Total;2024-06;-0.39
Ireland;Total;2024-07;-0.13
Ireland;Total;2024-08;-0.57
Ireland;Total;2024-09;0.11
Ireland;Total;2024-10;0.57
Ireland;Total;2024-11;-0.46
Ireland;Total;2024-12;0.45
Ireland;Total;2024-13;-0.1
Ireland;Total;2024-14;-0.73
Ireland;Total;2024-15;-1.54
Ireland;Total;2024-16;0.84
Ireland;Total;2024-17;-1.11
Ireland;Total;2024-18;0.58
Ireland;Total;2024-19;-0.85
Ireland;Total;2024-20;0.22
Ireland;Total;2024-21;-0.62
Ireland;Total;2024-22;-0.95
Ireland;Total;2024-23;-0.37
Ireland;Total;2024-24;0.03
Ireland;Total;2024-25;1.95
Ireland;Total;2024-26;1.09
Ireland;Total;2024-27;1.52
Ireland;Total;2024-28;0.53
Ireland;Total;2024-29;0.55
Ireland;Total;2024-30;0.98
Ireland;Total;2024-31;0.82
Ireland;Total;2024-32;-0.1
Ireland;Total;2024-33;1.27
Ireland;Total;2024-34;-0.14
Ireland;Total;2024-35;0.39
Ireland;Total;2024-36;-0.12
Ireland;Total;2024-37;0.48
Ireland;Total;2024-38;-0.39
Ireland;Total;2024-39;-0.11
Ireland;Total;2024-40;1.67
Ireland;Total;2024-41;-0.58
Ireland;Total;2024-42;1.62
Ireland;Total;2024-43;0.42
Ireland;Total;2024-44;0.34
Ireland;Total;2024-45;0.78
Ireland;Total;2024-46;1
Ireland;Total;2024-47;1.83
Ireland;Total;2024-48;1.97
Ireland;Total;2024-49;1.56
Ireland;Total;2024-50;1.54
Israel;Total;2018-52;-0.27
Israel;Total;2019-01;0.22
Israel;Total;2019-02;0.95
Israel;Total;2019-03;1.26
Israel;Total;2019-04;1.37
Israel;Total;2019-05;0.87
Israel;Total;2019-06;0.81
Israel;Total;2019-07;0.27
Israel;Total;2019-08;0.74
Israel;Total;2019-09;0.64
Israel;Total;2019-10;0.64
Israel;Total;2019-11;0.66
Israel;Total;2019-12;0.34
Israel;Total;2019-13;0.29
Israel;Total;2019-14;-0.22
Israel;Total;2019-15;0.18
Israel;Total;2019-16;0.17
Israel;Total;2019-17;0.37
Israel;Total;2019-18;1.08
Israel;Total;2019-19;0.15
Israel;Total;2019-20;0.21
Israel;Total;2019-21;0.22
Israel;Total;2019-22;0.21
Israel;Total;2019-23;-0.35
Israel;Total;2019-24;0.31
Israel;Total;2019-25;-0.14
Israel;Total;2019-26;-0.45
Israel;Total;2019-27;0.09
Israel;Total;2019-28;-0.53
Israel;Total;2019-29;-0.02
Israel;Total;2019-30;0.19
Israel;Total;2019-31;-0.02
Israel;Total;2019-32;0.11
Israel;Total;2019-33;0.01
Israel;Total;2019-34;-0.36
Israel;Total;2019-35;0.35
Israel;Total;2019-36;-0.18
Israel;Total;2019-37;-0.14
Israel;Total;2019-38;-0.56
Israel;Total;2019-39;-0.13
Israel;Total;2019-40;-0.38
Israel;Total;2019-41;-0.41
Israel;Total;2019-42;-0.11
Israel;Total;2019-43;-0.54
Israel;Total;2019-44;-0.42
Israel;Total;2019-45;0.08
Israel;Total;2019-46;-0.4
Israel;Total;2019-47;-0.93
Israel;Total;2019-48;-0.14
Israel;Total;2019-49;-0.45
Israel;Total;2019-50;-0.02
Israel;Total;2019-51;-0.13
Israel;Total;2019-52;0.55
Israel;Total;2020-01;0.92
Israel;Total;2020-02;0.33
Israel;Total;2020-03;0.92
Israel;Total;2020-04;0.25
Israel;Total;2020-05;0.19
Israel;Total;2020-06;-0.12
Israel;Total;2020-07;0.06
Israel;Total;2020-08;0.27
Israel;Total;2020-09;-0.29
Israel;Total;2020-10;-0.06
Israel;Total;2020-11;0.26
Israel;Total;2020-12;-0.22
Israel;Total;2020-13;0.55
Israel;Total;2020-14;0.97
Israel;Total;2020-15;-0.09
Israel;Total;2020-16;0.37
Israel;Total;2020-17;0.24
Israel;Total;2020-18;-0.25
Israel;Total;2020-19;0.05
Israel;Total;2020-20;0.05
Israel;Total;2020-21;1.06
Israel;Total;2020-22;0.11
Israel;Total;2020-23;-0.05
Israel;Total;2020-24;-0.23
Israel;Total;2020-25;-0.12
Israel;Total;2020-26;-0.2
Israel;Total;2020-27;-0.17
Israel;Total;2020-28;0.34
Israel;Total;2020-29;0.33
Israel;Total;2020-30;0.16
Israel;Total;2020-31;1.15
Israel;Total;2020-32;0.47
Israel;Total;2020-33;1.14
Israel;Total;2020-34;0.85
Israel;Total;2020-35;0.69
Israel;Total;2020-36;0.61
Israel;Total;2020-37;1.08
Israel;Total;2020-38;1.34
Israel;Total;2020-39;1.43
Israel;Total;2020-40;1.22
Israel;Total;2020-41;1.93
Israel;Total;2020-42;1.57
Israel;Total;2020-43;1.22
Israel;Total;2020-44;0.23
Israel;Total;2020-45;-0.07
Israel;Total;2020-46;-0.89
Israel;Total;2020-47;-0.06
Israel;Total;2020-48;-0.12
Israel;Total;2020-49;-0.21
Israel;Total;2020-50;0.03
Israel;Total;2020-51;0.25
Israel;Total;2020-52;0.28
Israel;Total;2020-53;1.08
Israel;Total;2021-01;1.52
Israel;Total;2021-02;1.84
Israel;Total;2021-03;1.92
Israel;Total;2021-04;2.05
Israel;Total;2021-05;1.79
Israel;Total;2021-06;1.36
Israel;Total;2021-07;0.79
Israel;Total;2021-08;0.29
Israel;Total;2021-09;0.18
Israel;Total;2021-10;0.63
Israel;Total;2021-11;0.87
Israel;Total;2021-12;0.47
Israel;Total;2021-13;-0.02
Israel;Total;2021-14;0.74
Israel;Total;2021-15;0.19
Israel;Total;2021-16;-0.14
Israel;Total;2021-17;0.1
Israel;Total;2021-18;-0.11
Israel;Total;2021-19;0.37
Israel;Total;2021-20;0.2
Israel;Total;2021-21;-0.06
Israel;Total;2021-22;-0.35
Israel;Total;2021-23;-0.4
Israel;Total;2021-24;-0.17
Israel;Total;2021-25;0.37
Israel;Total;2021-26;0.19
Israel;Total;2021-27;0.17
Israel;Total;2021-28;-0.56
Israel;Total;2021-29;0.72
Israel;Total;2021-30;0.6
Israel;Total;2021-31;1.04
Israel;Total;2021-32;1.59
Israel;Total;2021-33;1.75
Israel;Total;2021-34;1.72
Israel;Total;2021-35;1.94
Israel;Total;2021-36;1.15
Israel;Total;2021-37;1.41
Israel;Total;2021-38;0.7
Israel;Total;2021-39;0.67
Israel;Total;2021-40;0.58
Israel;Total;2021-41;0.17
Israel;Total;2021-42;0.51
Israel;Total;2021-43;-0.32
Israel;Total;2021-44;-0.22
Israel;Total;2021-45;0.01
Israel;Total;2021-46;-0.75
Israel;Total;2021-47;-0.95
Israel;Total;2021-48;-0.6
Israel;Total;2021-49;-0.12
Israel;Total;2021-50;0.22
Israel;Total;2021-51;0.07
Israel;Total;2021-52;0.68
Israel;Total;2022-01;0.42
Israel;Total;2022-02;1.33
Israel;Total;2022-03;2.47
Israel;Total;2022-04;3.03
Israel;Total;2022-05;3.55
Israel;Total;2022-06;2.92
Israel;Total;2022-07;1.92
Israel;Total;2022-08;1.37
Israel;Total;2022-09;0.83
Israel;Total;2022-10;0.31
Israel;Total;2022-11;0.43
Israel;Total;2022-12;0.44
Israel;Total;2022-13;1.37
Israel;Total;2022-14;0.94
Israel;Total;2022-15;-0.29
Israel;Total;2022-16;0.08
Israel;Total;2022-17;0.18
Israel;Total;2022-18;0.34
Israel;Total;2022-19;-0.11
Israel;Total;2022-20;-0.23
Israel;Total;2022-21;0.13
Israel;Total;2022-22;-0.14
Israel;Total;2022-23;0.13
Israel;Total;2022-24;0.15
Israel;Total;2022-25;-0.06
Israel;Total;2022-26;0.68
Israel;Total;2022-27;1.03
Israel;Total;2022-28;0.75
Israel;Total;2022-29;0.86
Israel;Total;2022-30;1.18
Israel;Total;2022-31;0.5
Israel;Total;2022-32;0.62
Israel;Total;2022-33;0.25
Israel;Total;2022-34;0.25
Israel;Total;2022-35;-0.01
Israel;Total;2022-36;-0.09
Israel;Total;2022-37;-0.27
Israel;Total;2022-38;-0.27
Israel;Total;2022-39;0.04
Israel;Total;2022-40;0.13
Israel;Total;2022-41;-0.41
Israel;Total;2022-42;-0.34
Israel;Total;2022-43;-0.45
Israel;Total;2022-44;-0.58
Israel;Total;2022-45;-0.5
Israel;Total;2022-46;-0.78
Israel;Total;2022-47;-0.43
Israel;Total;2022-48;-0.42
Israel;Total;2022-49;-0.41
Israel;Total;2022-50;0.36
Israel;Total;2022-51;0.01
Israel;Total;2022-52;-0.07
Israel;Total;2023-01;0.47
Israel;Total;2023-02;0.08
Israel;Total;2023-03;0.22
Israel;Total;2023-04;0.63
Israel;Total;2023-05;-0.09
Israel;Total;2023-06;0.18
Israel;Total;2023-07;0.34
Israel;Total;2023-08;0.27
Israel;Total;2023-09;0.5
Israel;Total;2023-10;-0.05
Israel;Total;2023-11;0.14
Israel;Total;2023-12;0.18
Israel;Total;2023-13;-0.54
Israel;Total;2023-14;0.24
Israel;Total;2023-15;0.07
Israel;Total;2023-16;0.06
Israel;Total;2023-17;-0.17
Israel;Total;2023-18;-0.35
Israel;Total;2023-19;0.11
Israel;Total;2023-20;0.06
Israel;Total;2023-21;0.3
Israel;Total;2023-22;0.16
Israel;Total;2023-23;-0.46
Israel;Total;2023-24;-0.77
Israel;Total;2023-25;-0.07
Israel;Total;2023-26;-0.36
Israel;Total;2023-27;-0.21
Israel;Total;2023-28;-0.57
Israel;Total;2023-29;-0.39
Israel;Total;2023-30;-0.77
Israel;Total;2023-31;0.13
Israel;Total;2023-32;0.28
Israel;Total;2023-33;-0.18
Israel;Total;2023-34;-0.46
Israel;Total;2023-35;-0.28
Israel;Total;2023-36;-0.18
Israel;Total;2023-37;-0.38
Israel;Total;2023-38;0.04
Israel;Total;2023-39;-0.09
Israel;Total;2023-40;7.24
Israel;Total;2023-41;-0.01
Israel;Total;2023-42;-0.05
Israel;Total;2023-43;-0.14
Israel;Total;2023-44;-0.75
Israel;Total;2023-45;-0.88
Israel;Total;2023-46;-1.03
Israel;Total;2023-47;-1.12
Israel;Total;2023-48;-0.59
Israel;Total;2023-49;-0.13
Israel;Total;2023-50;-0.43
Israel;Total;2023-51;-0.08
Israel;Total;2023-52;0.06
Israel;Total;2024-01;0.09
Israel;Total;2024-02;0.4
Israel;Total;2024-03;0.2
Israel;Total;2024-04;0.78
Israel;Total;2024-05;0.97
Israel;Total;2024-06;1.14
Israel;Total;2024-07;1.49
Israel;Total;2024-08;0.98
Israel;Total;2024-09;1.17
Israel;Total;2024-10;1.13
Israel;Total;2024-11;0.59
Israel;Total;2024-12;0.34
Israel;Total;2024-13;0.21
Israel;Total;2024-14;-0.17
Israel;Total;2024-15;-0.02
Israel;Total;2024-16;-0.59
Israel;Total;2024-17;-0.1
Israel;Total;2024-18;-0.57
Israel;Total;2024-19;-0.61
Israel;Total;2024-20;-0.69
Israel;Total;2024-21;-0.08
Israel;Total;2024-22;-0.33
Israel;Total;2024-23;0.07
Israel;Total;2024-24;0.08
Israel;Total;2024-25;0.21
Israel;Total;2024-26;0.2
Israel;Total;2024-27;0.84
Israel;Total;2024-28;0.44
Israel;Total;2024-29;0.5
Israel;Total;2024-30;0.95
Israel;Total;2024-31;0.37
Israel;Total;2024-32;-0.07
Israel;Total;2024-33;0.17
Israel;Total;2024-34;0.03
Israel;Total;2024-35;-0.06
Israel;Total;2024-36;-0.52
Israel;Total;2024-37;-0.39
Israel;Total;2024-38;-0.35
Israel;Total;2024-39;-0.49
Israel;Total;2024-40;-0.02
Israel;Total;2024-41;-0.25
Israel;Total;2024-42;-0.83
Israel;Total;2024-43;0.06
Israel;Total;2024-44;0.1
Israel;Total;2024-45;-0.17
Israel;Total;2024-46;-0.2
Israel;Total;2024-47;-0.62
Israel;Total;2024-48;0.05
Israel;Total;2024-49;0.98
Israel;Total;2024-50;1.39
Italy;Total;2018-52;2
Italy;Total;2019-01;3.64
Italy;Total;2019-02;4.76
Italy;Total;2019-03;5.91
Italy;Total;2019-04;5.63
Italy;Total;2019-05;6.35
Italy;Total;2019-06;4.37
Italy;Total;2019-07;4.81
Italy;Total;2019-08;4.3
Italy;Total;2019-09;4.63
Italy;Total;2019-10;3.57
Italy;Total;2019-11;2.79
Italy;Total;2019-12;1.38
Italy;Total;2019-13;0.86
Italy;Total;2019-14;1.98
Italy;Total;2019-15;1.09
Italy;Total;2019-16;-0.28
Italy;Total;2019-17;-0.01
Italy;Total;2019-18;-1.02
Italy;Total;2019-19;0.22
Italy;Total;2019-20;1.24
Italy;Total;2019-21;0.98
Italy;Total;2019-22;0.48
Italy;Total;2019-23;2.5
Italy;Total;2019-24;1.7
Italy;Total;2019-25;0.63
Italy;Total;2019-26;3.07
Italy;Total;2019-27;2.79
Italy;Total;2019-28;0.68
Italy;Total;2019-29;-0.18
Italy;Total;2019-30;1.54
Italy;Total;2019-31;-0.84
Italy;Total;2019-32;0.1
Italy;Total;2019-33;-0.45
Italy;Total;2019-34;-1.41
Italy;Total;2019-35;-1.49
Italy;Total;2019-36;-1.15
Italy;Total;2019-37;-0.63
Italy;Total;2019-38;-1.75
Italy;Total;2019-39;-0.58
Italy;Total;2019-40;-0.55
Italy;Total;2019-41;0.29
Italy;Total;2019-42;0.01
Italy;Total;2019-43;0.25
Italy;Total;2019-44;-0.44
Italy;Total;2019-45;-0.35
Italy;Total;2019-46;0.7
Italy;Total;2019-47;1.05
Italy;Total;2019-48;0.03
Italy;Total;2019-49;0.05
Italy;Total;2019-50;0.5
Italy;Total;2019-51;2.12
Italy;Total;2019-52;0.66
Italy;Total;2020-01;2.04
Italy;Total;2020-02;2.49
Italy;Total;2020-03;4.22
Italy;Total;2020-04;3.16
Italy;Total;2020-05;2.28
Italy;Total;2020-06;2.34
Italy;Total;2020-07;2.23
Italy;Total;2020-08;0.92
Italy;Total;2020-09;1.64
Italy;Total;2020-10;3.76
Italy;Total;2020-11;8.35
Italy;Total;2020-12;13.18
Italy;Total;2020-13;16.13
Italy;Total;2020-14;16.14
Italy;Total;2020-15;12.71
Italy;Total;2020-16;9.03
Italy;Total;2020-17;7.08
Italy;Total;2020-18;4.18
Italy;Total;2020-19;3.68
Italy;Total;2020-20;1.37
Italy;Total;2020-21;1.34
Italy;Total;2020-22;-0.38
Italy;Total;2020-23;1.65
Italy;Total;2020-24;-0.35
Italy;Total;2020-25;0.1
Italy;Total;2020-26;2.35
Italy;Total;2020-27;2.68
Italy;Total;2020-28;1.28
Italy;Total;2020-29;-0.32
Italy;Total;2020-30;0.34
Italy;Total;2020-31;2.89
Italy;Total;2020-32;1.75
Italy;Total;2020-33;3.13
Italy;Total;2020-34;1.64
Italy;Total;2020-35;0.92
Italy;Total;2020-36;0.14
Italy;Total;2020-37;0.71
Italy;Total;2020-38;1.95
Italy;Total;2020-39;0.1
Italy;Total;2020-40;1.62
Italy;Total;2020-41;2.21
Italy;Total;2020-42;3.75
Italy;Total;2020-43;8.02
Italy;Total;2020-44;10.84
Italy;Total;2020-45;13.64
Italy;Total;2020-46;14.29
Italy;Total;2020-47;13.75
Italy;Total;2020-48;13.45
Italy;Total;2020-49;12.06
Italy;Total;2020-50;9.71
Italy;Total;2020-51;9.7
Italy;Total;2020-52;6.57
Italy;Total;2020-53;7.98
Italy;Total;2021-01;7.2
Italy;Total;2021-02;8.11
Italy;Total;2021-03;8.4
Italy;Total;2021-04;7.17
Italy;Total;2021-05;5.68
Italy;Total;2021-06;3.13
Italy;Total;2021-07;4.9
Italy;Total;2021-08;3.47
Italy;Total;2021-09;4.72
Italy;Total;2021-10;4.28
Italy;Total;2021-11;5.63
Italy;Total;2021-12;7.33
Italy;Total;2021-13;7.33
Italy;Total;2021-14;6.72
Italy;Total;2021-15;5.23
Italy;Total;2021-16;5.93
Italy;Total;2021-17;3.97
Italy;Total;2021-18;2.33
Italy;Total;2021-19;1.77
Italy;Total;2021-20;1.64
Italy;Total;2021-21;1.15
Italy;Total;2021-22;1.23
Italy;Total;2021-23;1.22
Italy;Total;2021-24;1.96
Italy;Total;2021-25;3.73
Italy;Total;2021-26;1.81
Italy;Total;2021-27;0.86
Italy;Total;2021-28;0.71
Italy;Total;2021-29;1.52
Italy;Total;2021-30;3.51
Italy;Total;2021-31;2.55
Italy;Total;2021-32;4.43
Italy;Total;2021-33;3
Italy;Total;2021-34;1.45
Italy;Total;2021-35;1.89
Italy;Total;2021-36;2.53
Italy;Total;2021-37;1.67
Italy;Total;2021-38;0.21
Italy;Total;2021-39;0.72
Italy;Total;2021-40;-0.03
Italy;Total;2021-41;2.24
Italy;Total;2021-42;2.79
Italy;Total;2021-43;2.27
Italy;Total;2021-44;2.74
Italy;Total;2021-45;2.84
Italy;Total;2021-46;2.24
Italy;Total;2021-47;2.17
Italy;Total;2021-48;4.02
Italy;Total;2021-49;4.47
Italy;Total;2021-50;5.76
Italy;Total;2021-51;5.71
Italy;Total;2021-52;6.02
Italy;Total;2022-01;7.03
Italy;Total;2022-02;8.45
Italy;Total;2022-03;8.95
Italy;Total;2022-04;9.64
Italy;Total;2022-05;8.99
Italy;Total;2022-06;6.08
Italy;Total;2022-07;4.23
Italy;Total;2022-08;2.94
Italy;Total;2022-09;3.26
Italy;Total;2022-10;4.46
Italy;Total;2022-11;3.39
Italy;Total;2022-12;2.31
Italy;Total;2022-13;4.14
Italy;Total;2022-14;3.45
Italy;Total;2022-15;3.62
Italy;Total;2022-16;2.32
Italy;Total;2022-17;1.85
Italy;Total;2022-18;1.55
Italy;Total;2022-19;2.39
Italy;Total;2022-20;2.86
Italy;Total;2022-21;2.3
Italy;Total;2022-22;0.87
Italy;Total;2022-23;1.18
Italy;Total;2022-24;2.48
Italy;Total;2022-25;2.27
Italy;Total;2022-26;4.26
Italy;Total;2022-27;6.33
Italy;Total;2022-28;5.18
Italy;Total;2022-29;8.91
Italy;Total;2022-30;9.97
Italy;Total;2022-31;6.96
Italy;Total;2022-32;4.79
Italy;Total;2022-33;1.98
Italy;Total;2022-34;1.57
Italy;Total;2022-35;0.85
Italy;Total;2022-36;1.45
Italy;Total;2022-37;1.32
Italy;Total;2022-38;0.02
Italy;Total;2022-39;1.56
Italy;Total;2022-40;2.17
Italy;Total;2022-41;0.89
Italy;Total;2022-42;0.81
Italy;Total;2022-43;1.02
Italy;Total;2022-44;0.81
Italy;Total;2022-45;3.18
Italy;Total;2022-46;3.81
Italy;Total;2022-47;4.12
Italy;Total;2022-48;5.81
Italy;Total;2022-49;6.21
Italy;Total;2022-50;6.45
Italy;Total;2022-51;6.42
Italy;Total;2022-52;6.69
Italy;Total;2023-01;5.99
Italy;Total;2023-02;5.19
Italy;Total;2023-03;4.31
Italy;Total;2023-04;4.78
Italy;Total;2023-05;4.79
Italy;Total;2023-06;4.39
Italy;Total;2023-07;4.9
Italy;Total;2023-08;3.66
Italy;Total;2023-09;2.26
Italy;Total;2023-10;2.58
Italy;Total;2023-11;0.42
Italy;Total;2023-12;1.14
Italy;Total;2023-13;0.84
Italy;Total;2023-14;0.24
Italy;Total;2023-15;0.91
Italy;Total;2023-16;1.82
Italy;Total;2023-17;0.45
Italy;Total;2023-18;0.23
Italy;Total;2023-19;0.04
Italy;Total;2023-20;-0.64
Italy;Total;2023-21;0.94
Italy;Total;2023-22;-0.63
Italy;Total;2023-23;-0.21
Italy;Total;2023-24;-1.44
Italy;Total;2023-25;0.68
Italy;Total;2023-26;-0.66
Italy;Total;2023-27;-0.29
Italy;Total;2023-28;1.24
Italy;Total;2023-29;4.15
Italy;Total;2023-30;3.14
Italy;Total;2023-31;0.96
Italy;Total;2023-32;-1.27
Italy;Total;2023-33;-0.26
Italy;Total;2023-34;3.82
Italy;Total;2023-35;-0.79
Italy;Total;2023-36;-0.75
Italy;Total;2023-37;0.34
Italy;Total;2023-38;-0.72
Italy;Total;2023-39;-0.91
Italy;Total;2023-40;-0.14
Italy;Total;2023-41;-1.31
Italy;Total;2023-42;-0.14
Italy;Total;2023-43;-0.78
Italy;Total;2023-44;-0.91
Italy;Total;2023-45;0.56
Italy;Total;2023-46;1.71
Italy;Total;2023-47;2.43
Italy;Total;2023-48;3.58
Italy;Total;2023-49;3.14
Italy;Total;2023-50;4.56
Italy;Total;2023-51;6.54
Italy;Total;2023-52;6.44
Italy;Total;2024-01;6.31
Italy;Total;2024-02;4.84
Italy;Total;2024-03;3.03
Italy;Total;2024-04;3
Italy;Total;2024-05;2.08
Italy;Total;2024-06;1.64
Italy;Total;2024-07;0.15
Italy;Total;2024-08;0.48
Italy;Total;2024-09;-0.76
Italy;Total;2024-10;-0.19
Italy;Total;2024-11;-0.58
Italy;Total;2024-12;-0.86
Italy;Total;2024-13;-0.7
Italy;Total;2024-14;-0.74
Italy;Total;2024-15;0.28
Italy;Total;2024-16;-1.56
Italy;Total;2024-17;-1.04
Italy;Total;2024-18;0.89
Italy;Total;2024-19;-0.15
Italy;Total;2024-20;-0.01
Italy;Total;2024-21;-1.26
Italy;Total;2024-22;-1.94
Italy;Total;2024-23;0.06
Italy;Total;2024-24;-0.88
Italy;Total;2024-25;0.95
Italy;Total;2024-26;-2.59
Italy;Total;2024-27;-0.51
Italy;Total;2024-28;0.39
Italy;Total;2024-29;2.4
Italy;Total;2024-30;2.58
Italy;Total;2024-31;4.08
Italy;Total;2024-32;2.52
Italy;Total;2024-33;3.71
Italy;Total;2024-34;0.9
Italy;Total;2024-35;0.88
Italy;Total;2024-36;1.56
Italy;Total;2024-37;0.03
Italy;Total;2024-38;-0.12
Italy;Total;2024-39;1.07
Italy;Total;2024-40;0.7
Italy;Total;2024-41;1.92
Italy;Total;2024-42;1.5
Italy;Total;2024-43;1.62
Italy;Total;2024-44;-0.33
Italy;Total;2024-45;0.11
Italy;Total;2024-46;1.34
Italy;Total;2024-47;1.72
Italy;Total;2024-48;1.35
Italy;Total;2024-49;0.41
Italy;Total;2024-50;-2.75
Luxembourg;Total;2018-52;-1.67
Luxembourg;Total;2019-01;-0.01
Luxembourg;Total;2019-02;-1.9
Luxembourg;Total;2019-03;-1.18
Luxembourg;Total;2019-04;-0.9
Luxembourg;Total;2019-05;0.42
Luxembourg;Total;2019-06;0.97
Luxembourg;Total;2019-07;1.13
Luxembourg;Total;2019-08;-0.76
Luxembourg;Total;2019-09;-0.13
Luxembourg;Total;2019-10;-0.75
Luxembourg;Total;2019-11;-0.72
Luxembourg;Total;2019-12;-0.98
Luxembourg;Total;2019-13;0.99
Luxembourg;Total;2019-14;-1.1
Luxembourg;Total;2019-15;-1.59
Luxembourg;Total;2019-16;-0.8
Luxembourg;Total;2019-17;0.21
Luxembourg;Total;2019-18;0.37
Luxembourg;Total;2019-19;-1.11
Luxembourg;Total;2019-20;0.04
Luxembourg;Total;2019-21;0.92
Luxembourg;Total;2019-22;1.05
Luxembourg;Total;2019-23;-0.49
Luxembourg;Total;2019-24;-0.85
Luxembourg;Total;2019-25;-0.54
Luxembourg;Total;2019-26;2.62
Luxembourg;Total;2019-27;0.23
Luxembourg;Total;2019-28;1.86
Luxembourg;Total;2019-29;0.37
Luxembourg;Total;2019-30;0.79
Luxembourg;Total;2019-31;0.1
Luxembourg;Total;2019-32;0.81
Luxembourg;Total;2019-33;0.74
Luxembourg;Total;2019-34;-0.67
Luxembourg;Total;2019-35;0.44
Luxembourg;Total;2019-36;0
Luxembourg;Total;2019-37;0.62
Luxembourg;Total;2019-38;-0.72
Luxembourg;Total;2019-39;1.05
Luxembourg;Total;2019-40;0.78
Luxembourg;Total;2019-41;-0.02
Luxembourg;Total;2019-42;-2.72
Luxembourg;Total;2019-43;0.25
Luxembourg;Total;2019-44;1.15
Luxembourg;Total;2019-45;0.01
Luxembourg;Total;2019-46;1.26
Luxembourg;Total;2019-47;-0.49
Luxembourg;Total;2019-48;0.04
Luxembourg;Total;2019-49;-0.36
Luxembourg;Total;2019-50;-0.37
Luxembourg;Total;2019-51;-0.54
Luxembourg;Total;2019-52;0.09
Luxembourg;Total;2020-01;-2.57
Luxembourg;Total;2020-02;-1.47
Luxembourg;Total;2020-03;-0.85
Luxembourg;Total;2020-04;-1.02
Luxembourg;Total;2020-05;-0.64
Luxembourg;Total;2020-06;-0.94
Luxembourg;Total;2020-07;-2.26
Luxembourg;Total;2020-08;-1.17
Luxembourg;Total;2020-09;-1.83
Luxembourg;Total;2020-10;-0.33
Luxembourg;Total;2020-11;0.16
Luxembourg;Total;2020-12;-0.25
Luxembourg;Total;2020-13;2.01
Luxembourg;Total;2020-14;0.63
Luxembourg;Total;2020-15;2.68
Luxembourg;Total;2020-16;0.39
Luxembourg;Total;2020-17;0.16
Luxembourg;Total;2020-18;-1.07
Luxembourg;Total;2020-19;1
Luxembourg;Total;2020-20;-0.22
Luxembourg;Total;2020-21;0.03
Luxembourg;Total;2020-22;-0.06
Luxembourg;Total;2020-23;-0.4
Luxembourg;Total;2020-24;-0.87
Luxembourg;Total;2020-25;0.66
Luxembourg;Total;2020-26;-0.38
Luxembourg;Total;2020-27;-0.11
Luxembourg;Total;2020-28;-0.08
Luxembourg;Total;2020-29;0.03
Luxembourg;Total;2020-30;0.13
Luxembourg;Total;2020-31;2.2
Luxembourg;Total;2020-32;2.65
Luxembourg;Total;2020-33;2.29
Luxembourg;Total;2020-34;0.23
Luxembourg;Total;2020-35;-1.21
Luxembourg;Total;2020-36;0.97
Luxembourg;Total;2020-37;-0.89
Luxembourg;Total;2020-38;1.21
Luxembourg;Total;2020-39;-0.2
Luxembourg;Total;2020-40;0.68
Luxembourg;Total;2020-41;-1.07
Luxembourg;Total;2020-42;0.64
Luxembourg;Total;2020-43;0.55
Luxembourg;Total;2020-44;1.34
Luxembourg;Total;2020-45;2.35
Luxembourg;Total;2020-46;2.51
Luxembourg;Total;2020-47;2.41
Luxembourg;Total;2020-48;2.91
Luxembourg;Total;2020-49;1.74
Luxembourg;Total;2020-50;2.83
Luxembourg;Total;2020-51;1.41
Luxembourg;Total;2020-52;1.96
Luxembourg;Total;2020-53;0.01
Luxembourg;Total;2021-01;0.06
Luxembourg;Total;2021-02;0.13
Luxembourg;Total;2021-03;-0.79
Luxembourg;Total;2021-04;0.81
Luxembourg;Total;2021-05;-0.13
Luxembourg;Total;2021-06;-0.84
Luxembourg;Total;2021-07;0.19
Luxembourg;Total;2021-08;-0.85
Luxembourg;Total;2021-09;-0.03
Luxembourg;Total;2021-10;2.42
Luxembourg;Total;2021-11;1.75
Luxembourg;Total;2021-12;-0.74
Luxembourg;Total;2021-13;-1.19
Luxembourg;Total;2021-14;0.36
Luxembourg;Total;2021-15;-1.2
Luxembourg;Total;2021-16;0.21
Luxembourg;Total;2021-17;1.18
Luxembourg;Total;2021-18;0.33
Luxembourg;Total;2021-19;-2.06
Luxembourg;Total;2021-20;1.15
Luxembourg;Total;2021-21;-1.22
Luxembourg;Total;2021-22;-0.99
Luxembourg;Total;2021-23;0.87
Luxembourg;Total;2021-24;0.85
Luxembourg;Total;2021-25;-0.06
Luxembourg;Total;2021-26;1.38
Luxembourg;Total;2021-27;0.45
Luxembourg;Total;2021-28;1.93
Luxembourg;Total;2021-29;-0.2
Luxembourg;Total;2021-30;-0.79
Luxembourg;Total;2021-31;0.06
Luxembourg;Total;2021-32;0.32
Luxembourg;Total;2021-33;-0.98
Luxembourg;Total;2021-34;-1.42
Luxembourg;Total;2021-35;0.45
Luxembourg;Total;2021-36;1.25
Luxembourg;Total;2021-37;-1.13
Luxembourg;Total;2021-38;-0.84
Luxembourg;Total;2021-39;0.59
Luxembourg;Total;2021-40;1.02
Luxembourg;Total;2021-41;-1.55
Luxembourg;Total;2021-42;-0.55
Luxembourg;Total;2021-43;1.9
Luxembourg;Total;2021-44;1.06
Luxembourg;Total;2021-45;0.88
Luxembourg;Total;2021-46;-0.21
Luxembourg;Total;2021-47;0.2
Luxembourg;Total;2021-48;0.68
Luxembourg;Total;2021-49;-0.49
Luxembourg;Total;2021-50;-0.67
Luxembourg;Total;2021-51;0.87
Luxembourg;Total;2021-52;-0.27
Luxembourg;Total;2022-01;-0.56
Luxembourg;Total;2022-02;-1.17
Luxembourg;Total;2022-03;-1.25
Luxembourg;Total;2022-04;-0.72
Luxembourg;Total;2022-05;-0.59
Luxembourg;Total;2022-06;-0.7
Luxembourg;Total;2022-07;0.05
Luxembourg;Total;2022-08;0.9
Luxembourg;Total;2022-09;-0.61
Luxembourg;Total;2022-10;0.31
Luxembourg;Total;2022-11;-0.64
Luxembourg;Total;2022-12;-0.41
Luxembourg;Total;2022-13;0.32
Luxembourg;Total;2022-14;0.01
Luxembourg;Total;2022-15;-0.22
Luxembourg;Total;2022-16;1.43
Luxembourg;Total;2022-17;1.22
Luxembourg;Total;2022-18;-1.32
Luxembourg;Total;2022-19;-0.19
Luxembourg;Total;2022-20;-0.05
Luxembourg;Total;2022-21;-1.35
Luxembourg;Total;2022-22;2.56
Luxembourg;Total;2022-23;-0.46
Luxembourg;Total;2022-24;1.45
Luxembourg;Total;2022-25;0.03
Luxembourg;Total;2022-26;-1.61
Luxembourg;Total;2022-27;1.9
Luxembourg;Total;2022-28;1.5
Luxembourg;Total;2022-29;0.87
Luxembourg;Total;2022-30;1.87
Luxembourg;Total;2022-31;1.01
Luxembourg;Total;2022-32;1.56
Luxembourg;Total;2022-33;0.97
Luxembourg;Total;2022-34;-1.28
Luxembourg;Total;2022-35;-0.95
Luxembourg;Total;2022-36;-0.53
Luxembourg;Total;2022-37;0.29
Luxembourg;Total;2022-38;-1.04
Luxembourg;Total;2022-39;0.79
Luxembourg;Total;2022-40;-0.61
Luxembourg;Total;2022-41;0.14
Luxembourg;Total;2022-42;0.75
Luxembourg;Total;2022-43;-0.92
Luxembourg;Total;2022-44;-0.38
Luxembourg;Total;2022-45;-0.55
Luxembourg;Total;2022-46;-0.98
Luxembourg;Total;2022-47;-0.18
Luxembourg;Total;2022-48;-0.04
Luxembourg;Total;2022-49;-1.23
Luxembourg;Total;2022-50;-1.86
Luxembourg;Total;2022-51;-1.02
Luxembourg;Total;2022-52;1.56
Luxembourg;Total;2023-01;2.19
Luxembourg;Total;2023-02;0.13
Luxembourg;Total;2023-03;-1.37
Luxembourg;Total;2023-04;-0.75
Luxembourg;Total;2023-05;-2.28
Luxembourg;Total;2023-06;-0.92
Luxembourg;Total;2023-07;-1.37
Luxembourg;Total;2023-08;-1.47
Luxembourg;Total;2023-09;-1.75
Luxembourg;Total;2023-10;-0.46
Luxembourg;Total;2023-11;-0.24
Luxembourg;Total;2023-12;-1.9
Luxembourg;Total;2023-13;-0.21
Luxembourg;Total;2023-14;-0.05
Luxembourg;Total;2023-15;0.02
Luxembourg;Total;2023-16;0.88
Luxembourg;Total;2023-17;-1.18
Luxembourg;Total;2023-18;1.62
Luxembourg;Total;2023-19;1.2
Luxembourg;Total;2023-20;-0.41
Luxembourg;Total;2023-21;-0.17
Luxembourg;Total;2023-22;0.27
Luxembourg;Total;2023-23;-0.48
Luxembourg;Total;2023-24;-0.28
Luxembourg;Total;2023-25;0.76
Luxembourg;Total;2023-26;-0.7
Luxembourg;Total;2023-27;0
Luxembourg;Total;2023-28;-1.2
Luxembourg;Total;2023-29;0.01
Luxembourg;Total;2023-30;0.52
Luxembourg;Total;2023-31;0.69
Luxembourg;Total;2023-32;-0.65
Luxembourg;Total;2023-33;0.03
Luxembourg;Total;2023-34;-0.17
Luxembourg;Total;2023-35;-0.07
Luxembourg;Total;2023-36;-0.3
Luxembourg;Total;2023-37;0.3
Luxembourg;Total;2023-38;-2.24
Luxembourg;Total;2023-39;1.09
Luxembourg;Total;2023-40;-0.39
Luxembourg;Total;2023-41;0.83
Luxembourg;Total;2023-42;-0.03
Luxembourg;Total;2023-43;-1.01
Luxembourg;Total;2023-44;0.66
Luxembourg;Total;2023-45;0.58
Luxembourg;Total;2023-46;0.14
Luxembourg;Total;2023-47;-1.98
Luxembourg;Total;2023-48;-1.05
Luxembourg;Total;2023-49;-0.35
Luxembourg;Total;2023-50;-0.36
Luxembourg;Total;2023-51;0.15
Luxembourg;Total;2023-52;-1.69
Luxembourg;Total;2024-01;-1.46
Luxembourg;Total;2024-02;-1.74
Luxembourg;Total;2024-03;-0.64
Luxembourg;Total;2024-04;-1.29
Luxembourg;Total;2024-05;-1.17
Luxembourg;Total;2024-06;0.67
Luxembourg;Total;2024-07;-0.98
Luxembourg;Total;2024-08;-1.42
Luxembourg;Total;2024-09;-0.28
Luxembourg;Total;2024-10;0.85
Luxembourg;Total;2024-11;-0.47
Luxembourg;Total;2024-12;-1.83
Luxembourg;Total;2024-13;0.01
Luxembourg;Total;2024-14;0.45
Luxembourg;Total;2024-15;-1.63
Luxembourg;Total;2024-16;0.9
Luxembourg;Total;2024-17;-0.7
Luxembourg;Total;2024-18;0.77
Luxembourg;Total;2024-19;-1.35
Luxembourg;Total;2024-20;0.59
Luxembourg;Total;2024-21;-0.85
Luxembourg;Total;2024-22;-0.83
Luxembourg;Total;2024-23;0.03
Luxembourg;Total;2024-24;0.96
Luxembourg;Total;2024-25;-0.88
Luxembourg;Total;2024-26;2.87
Luxembourg;Total;2024-27;2.9
Luxembourg;Total;2024-28;0.84
Luxembourg;Total;2024-29;0
Luxembourg;Total;2024-30;1.02
Luxembourg;Total;2024-31;0.06
Luxembourg;Total;2024-32;0
Luxembourg;Total;2024-33;-0.82
Luxembourg;Total;2024-34;-1.92
Luxembourg;Total;2024-35;0.35
Luxembourg;Total;2024-36;0.74
Luxembourg;Total;2024-37;0.3
Luxembourg;Total;2024-38;-0.79
Luxembourg;Total;2024-39;0.89
Luxembourg;Total;2024-40;-0.18
Luxembourg;Total;2024-41;0.24
Luxembourg;Total;2024-42;0.16
Luxembourg;Total;2024-43;-0.02
Luxembourg;Total;2024-44;-1.82
Luxembourg;Total;2024-45;-2.46
Luxembourg;Total;2024-46;-1.17
Luxembourg;Total;2024-47;-1.3
Luxembourg;Total;2024-48;-1.39
Luxembourg;Total;2024-49;-1.65
Luxembourg;Total;2024-50;-1.08
Malta;Total;2018-52;3.34
Malta;Total;2019-01;3.03
Malta;Total;2019-02;1.96
Malta;Total;2019-03;4.5
Malta;Total;2019-04;3.52
Malta;Total;2019-05;3.09
Malta;Total;2019-06;1.51
Malta;Total;2019-07;0.78
Malta;Total;2019-08;1.67
Malta;Total;2019-09;3.6
Malta;Total;2019-10;1.79
Malta;Total;2019-11;0.14
Malta;Total;2019-12;1.77
Malta;Total;2019-13;0.32
Malta;Total;2019-14;0.48
Malta;Total;2019-15;-0.14
Malta;Total;2019-16;0.73
Malta;Total;2019-17;-0.48
Malta;Total;2019-18;0.56
Malta;Total;2019-19;0.29
Malta;Total;2019-20;-0.47
Malta;Total;2019-21;-2.05
Malta;Total;2019-22;1.06
Malta;Total;2019-23;-1.33
Malta;Total;2019-24;1.37
Malta;Total;2019-25;0.14
Malta;Total;2019-26;1.31
Malta;Total;2019-27;-0.7
Malta;Total;2019-28;0.99
Malta;Total;2019-29;-1.22
Malta;Total;2019-30;0.75
Malta;Total;2019-31;1.16
Malta;Total;2019-32;1.56
Malta;Total;2019-33;-0.26
Malta;Total;2019-34;-1.72
Malta;Total;2019-35;0.4
Malta;Total;2019-36;1.86
Malta;Total;2019-37;0.12
Malta;Total;2019-38;-0.82
Malta;Total;2019-39;-1.54
Malta;Total;2019-40;0.51
Malta;Total;2019-41;-1.65
Malta;Total;2019-42;0.26
Malta;Total;2019-43;0.79
Malta;Total;2019-44;-1.31
Malta;Total;2019-45;-0.24
Malta;Total;2019-46;0.39
Malta;Total;2019-47;0.98
Malta;Total;2019-48;1.09
Malta;Total;2019-49;-0.97
Malta;Total;2019-50;-1.06
Malta;Total;2019-51;0.55
Malta;Total;2019-52;1.71
Malta;Total;2020-01;0.47
Malta;Total;2020-02;2.39
Malta;Total;2020-03;3.62
Malta;Total;2020-04;1.55
Malta;Total;2020-05;0.6
Malta;Total;2020-06;1.74
Malta;Total;2020-07;-0.1
Malta;Total;2020-08;0.08
Malta;Total;2020-09;-0.57
Malta;Total;2020-10;-0.25
Malta;Total;2020-11;1.84
Malta;Total;2020-12;3.08
Malta;Total;2020-13;0.9
Malta;Total;2020-14;0.41
Malta;Total;2020-15;0.69
Malta;Total;2020-16;2.5
Malta;Total;2020-17;-1.9
Malta;Total;2020-18;0.6
Malta;Total;2020-19;0.34
Malta;Total;2020-20;0.2
Malta;Total;2020-21;-1.84
Malta;Total;2020-22;0.15
Malta;Total;2020-23;-0.11
Malta;Total;2020-24;-0.89
Malta;Total;2020-25;-0.42
Malta;Total;2020-26;-2.02
Malta;Total;2020-27;1.09
Malta;Total;2020-28;0.08
Malta;Total;2020-29;0.64
Malta;Total;2020-30;0.21
Malta;Total;2020-31;1.23
Malta;Total;2020-32;1.27
Malta;Total;2020-33;2.35
Malta;Total;2020-34;2.49
Malta;Total;2020-35;1.58
Malta;Total;2020-36;1.58
Malta;Total;2020-37;0.59
Malta;Total;2020-38;0.44
Malta;Total;2020-39;2.45
Malta;Total;2020-40;2.86
Malta;Total;2020-41;1.28
Malta;Total;2020-42;0.1
Malta;Total;2020-43;0.64
Malta;Total;2020-44;2.96
Malta;Total;2020-45;2.52
Malta;Total;2020-46;3.47
Malta;Total;2020-47;2.49
Malta;Total;2020-48;2.98
Malta;Total;2020-49;3.94
Malta;Total;2020-50;3.5
Malta;Total;2020-51;4.12
Malta;Total;2020-52;4.44
Malta;Total;2020-53;2.04
Malta;Total;2021-01;2.23
Malta;Total;2021-02;1.27
Malta;Total;2021-03;4.26
Malta;Total;2021-04;2.01
Malta;Total;2021-05;1.58
Malta;Total;2021-06;1.83
Malta;Total;2021-07;3.4
Malta;Total;2021-08;3.23
Malta;Total;2021-09;3.34
Malta;Total;2021-10;3.11
Malta;Total;2021-11;2.1
Malta;Total;2021-12;1.34
Malta;Total;2021-13;0.55
Malta;Total;2021-14;-0.74
Malta;Total;2021-15;-0.33
Malta;Total;2021-16;-0.85
Malta;Total;2021-17;-1.26
Malta;Total;2021-18;0.03
Malta;Total;2021-19;0.94
Malta;Total;2021-20;0.81
Malta;Total;2021-21;1.14
Malta;Total;2021-22;-1.69
Malta;Total;2021-23;-0.95
Malta;Total;2021-24;0.37
Malta;Total;2021-25;-1.02
Malta;Total;2021-26;3.27
Malta;Total;2021-27;0.51
Malta;Total;2021-28;1.63
Malta;Total;2021-29;0.16
Malta;Total;2021-30;0.09
Malta;Total;2021-31;4.11
Malta;Total;2021-32;3.94
Malta;Total;2021-33;1.63
Malta;Total;2021-34;1.99
Malta;Total;2021-35;1.05
Malta;Total;2021-36;1.4
Malta;Total;2021-37;1.5
Malta;Total;2021-38;-1.43
Malta;Total;2021-39;2.8
Malta;Total;2021-40;0.51
Malta;Total;2021-41;-1.07
Malta;Total;2021-42;2.79
Malta;Total;2021-43;-0.83
Malta;Total;2021-44;0.78
Malta;Total;2021-45;-0.27
Malta;Total;2021-46;1.68
Malta;Total;2021-47;1.56
Malta;Total;2021-48;1.33
Malta;Total;2021-49;0.9
Malta;Total;2021-50;1.92
Malta;Total;2021-51;3.72
Malta;Total;2021-52;2.75
Malta;Total;2022-01;2.36
Malta;Total;2022-02;1.6
Malta;Total;2022-03;4.6
Malta;Total;2022-04;4.35
Malta;Total;2022-05;3.43
Malta;Total;2022-06;3.66
Malta;Total;2022-07;2.48
Malta;Total;2022-08;0.26
Malta;Total;2022-09;2.78
Malta;Total;2022-10;2.25
Malta;Total;2022-11;0.8
Malta;Total;2022-12;0.53
Malta;Total;2022-13;0.58
Malta;Total;2022-14;3.31
Malta;Total;2022-15;0.38
Malta;Total;2022-16;1.01
Malta;Total;2022-17;1.65
Malta;Total;2022-18;0.07
Malta;Total;2022-19;0.16
Malta;Total;2022-20;0.02
Malta;Total;2022-21;-2.11
Malta;Total;2022-22;-0.62
Malta;Total;2022-23;1.48
Malta;Total;2022-24;1.35
Malta;Total;2022-25;0.28
Malta;Total;2022-26;-0.61
Malta;Total;2022-27;2.6
Malta;Total;2022-28;1.33
Malta;Total;2022-29;2.19
Malta;Total;2022-30;0.52
Malta;Total;2022-31;0.56
Malta;Total;2022-32;1.99
Malta;Total;2022-33;0.26
Malta;Total;2022-34;-0.98
Malta;Total;2022-35;0.88
Malta;Total;2022-36;1.58
Malta;Total;2022-37;1.68
Malta;Total;2022-38;-0.79
Malta;Total;2022-39;0.41
Malta;Total;2022-40;1.42
Malta;Total;2022-41;0.65
Malta;Total;2022-42;2.07
Malta;Total;2022-43;0.95
Malta;Total;2022-44;1.64
Malta;Total;2022-45;0.97
Malta;Total;2022-46;1.09
Malta;Total;2022-47;1.4
Malta;Total;2022-48;-0.24
Malta;Total;2022-49;1.17
Malta;Total;2022-50;0.85
Malta;Total;2022-51;2.51
Malta;Total;2022-52;1.14
Malta;Total;2023-01;2.38
Malta;Total;2023-02;2
Malta;Total;2023-03;0.69
Malta;Total;2023-04;3.64
Malta;Total;2023-05;1.24
Malta;Total;2023-06;1.01
Malta;Total;2023-07;0.5
Malta;Total;2023-08;1.36
Malta;Total;2023-09;1.17
Malta;Total;2023-10;1.19
Malta;Total;2023-11;1.51
Malta;Total;2023-12;-0.93
Malta;Total;2023-13;-0.8
Malta;Total;2023-14;0.34
Malta;Total;2023-15;-1.04
Malta;Total;2023-16;-0.3
Malta;Total;2023-17;0.01
Malta;Total;2023-18;0.66
Malta;Total;2023-19;0.87
Malta;Total;2023-20;-0.52
Malta;Total;2023-21;-1.65
Malta;Total;2023-22;-0.44
Malta;Total;2023-23;0.71
Malta;Total;2023-24;-0.97
Malta;Total;2023-25;1.24
Malta;Total;2023-26;-0.66
Malta;Total;2023-27;1.18
Malta;Total;2023-28;2.15
Malta;Total;2023-29;2.54
Malta;Total;2023-30;7.22
Malta;Total;2023-31;0.86
Malta;Total;2023-32;0.78
Malta;Total;2023-33;1.04
Malta;Total;2023-34;0.94
Malta;Total;2023-35;0.83
Malta;Total;2023-36;0.58
Malta;Total;2023-37;1.39
Malta;Total;2023-38;-0.69
Malta;Total;2023-39;-1.64
Malta;Total;2023-40;-0.05
Malta;Total;2023-41;2.09
Malta;Total;2023-42;-0.55
Malta;Total;2023-43;0.79
Malta;Total;2023-44;-0.95
Malta;Total;2023-45;0.14
Malta;Total;2023-46;-0.77
Malta;Total;2023-47;-0.51
Malta;Total;2023-48;-0.83
Malta;Total;2023-49;-0.04
Malta;Total;2023-50;1.2
Malta;Total;2023-51;1.19
Malta;Total;2023-52;1.66
Malta;Total;2024-01;2.58
Malta;Total;2024-02;1.84
Malta;Total;2024-03;3.44
Malta;Total;2024-04;1.68
Malta;Total;2024-05;1.08
Malta;Total;2024-06;1.4
Malta;Total;2024-07;0.91
Malta;Total;2024-08;0.12
Malta;Total;2024-09;-0.79
Malta;Total;2024-10;0.02
Malta;Total;2024-11;-1.43
Malta;Total;2024-12;1.46
Malta;Total;2024-13;-0.01
Malta;Total;2024-14;1.69
Malta;Total;2024-15;0.95
Malta;Total;2024-16;-0.71
Malta;Total;2024-17;-0.75
Malta;Total;2024-18;-1.25
Malta;Total;2024-19;0.22
Malta;Total;2024-20;0.09
Malta;Total;2024-21;0.65
Malta;Total;2024-22;0.75
Malta;Total;2024-23;-0.3
Malta;Total;2024-24;0.84
Malta;Total;2024-25;-0.69
Malta;Total;2024-26;-1.09
Malta;Total;2024-27;0.88
Malta;Total;2024-28;0.27
Malta;Total;2024-29;0.57
Malta;Total;2024-30;2.5
Malta;Total;2024-31;2.23
Malta;Total;2024-32;1.84
Malta;Total;2024-33;0.97
Malta;Total;2024-34;2.11
Malta;Total;2024-35;3.73
Malta;Total;2024-36;2.88
Malta;Total;2024-37;0.75
Malta;Total;2024-38;1.63
Malta;Total;2024-39;1.02
Malta;Total;2024-40;1.9
Malta;Total;2024-41;0.47
Malta;Total;2024-42;-1.06
Malta;Total;2024-43;0.85
Malta;Total;2024-44;0.31
Malta;Total;2024-45;-1.57
Malta;Total;2024-46;-0.13
Malta;Total;2024-47;-0.24
Malta;Total;2024-48;0.13
Malta;Total;2024-49;0.39
Malta;Total;2024-50;0.94
Netherlands;Total;2018-52;-1.17
Netherlands;Total;2019-01;0.15
Netherlands;Total;2019-02;1.82
Netherlands;Total;2019-03;0.78
Netherlands;Total;2019-04;1
Netherlands;Total;2019-05;0.67
Netherlands;Total;2019-06;1.09
Netherlands;Total;2019-07;1.74
Netherlands;Total;2019-08;1.57
Netherlands;Total;2019-09;0.28
Netherlands;Total;2019-10;1.42
Netherlands;Total;2019-11;2.11
Netherlands;Total;2019-12;0.58
Netherlands;Total;2019-13;0.52
Netherlands;Total;2019-14;-0.36
Netherlands;Total;2019-15;-0.12
Netherlands;Total;2019-16;1.51
Netherlands;Total;2019-17;0.98
Netherlands;Total;2019-18;-0.3
Netherlands;Total;2019-19;-0.42
Netherlands;Total;2019-20;0.32
Netherlands;Total;2019-21;1.11
Netherlands;Total;2019-22;-0.13
Netherlands;Total;2019-23;0.09
Netherlands;Total;2019-24;-0.67
Netherlands;Total;2019-25;-0.01
Netherlands;Total;2019-26;1.58
Netherlands;Total;2019-27;0.54
Netherlands;Total;2019-28;0.99
Netherlands;Total;2019-29;-0.85
Netherlands;Total;2019-30;3.56
Netherlands;Total;2019-31;0.7
Netherlands;Total;2019-32;-0.41
Netherlands;Total;2019-33;-0.71
Netherlands;Total;2019-34;-0.76
Netherlands;Total;2019-35;0.87
Netherlands;Total;2019-36;-1.72
Netherlands;Total;2019-37;-0.98
Netherlands;Total;2019-38;-1.86
Netherlands;Total;2019-39;-0.29
Netherlands;Total;2019-40;-0.92
Netherlands;Total;2019-41;0.85
Netherlands;Total;2019-42;0.24
Netherlands;Total;2019-43;-0.17
Netherlands;Total;2019-44;-0.57
Netherlands;Total;2019-45;0.76
Netherlands;Total;2019-46;0.92
Netherlands;Total;2019-47;0.32
Netherlands;Total;2019-48;0.2
Netherlands;Total;2019-49;-0.22
Netherlands;Total;2019-50;0.92
Netherlands;Total;2019-51;1.48
Netherlands;Total;2019-52;-0.72
Netherlands;Total;2020-01;-0.13
Netherlands;Total;2020-02;2.08
Netherlands;Total;2020-03;0.19
Netherlands;Total;2020-04;-0.85
Netherlands;Total;2020-05;0.21
Netherlands;Total;2020-06;0.49
Netherlands;Total;2020-07;0.6
Netherlands;Total;2020-08;-1.5
Netherlands;Total;2020-09;-0.12
Netherlands;Total;2020-10;0.1
Netherlands;Total;2020-11;1.34
Netherlands;Total;2020-12;5.11
Netherlands;Total;2020-13;12.77
Netherlands;Total;2020-14;18.39
Netherlands;Total;2020-15;17.99
Netherlands;Total;2020-16;12.62
Netherlands;Total;2020-17;9.37
Netherlands;Total;2020-18;4.71
Netherlands;Total;2020-19;1.03
Netherlands;Total;2020-20;-0.88
Netherlands;Total;2020-21;-0.71
Netherlands;Total;2020-22;-0.91
Netherlands;Total;2020-23;-1.2
Netherlands;Total;2020-24;-0.91
Netherlands;Total;2020-25;-0.72
Netherlands;Total;2020-26;-0.93
Netherlands;Total;2020-27;-1.05
Netherlands;Total;2020-28;-1.19
Netherlands;Total;2020-29;-2.09
Netherlands;Total;2020-30;-0.54
Netherlands;Total;2020-31;-0.61
Netherlands;Total;2020-32;-0.97
Netherlands;Total;2020-33;4.77
Netherlands;Total;2020-34;1.1
Netherlands;Total;2020-35;-0.35
Netherlands;Total;2020-36;-0.9
Netherlands;Total;2020-37;-0.6
Netherlands;Total;2020-38;-0.97
Netherlands;Total;2020-39;0.52
Netherlands;Total;2020-40;1.37
Netherlands;Total;2020-41;1.35
Netherlands;Total;2020-42;3.04
Netherlands;Total;2020-43;4.97
Netherlands;Total;2020-44;6.89
Netherlands;Total;2020-45;5.66
Netherlands;Total;2020-46;5.28
Netherlands;Total;2020-47;2.58
Netherlands;Total;2020-48;3
Netherlands;Total;2020-49;3.8
Netherlands;Total;2020-50;4.3
Netherlands;Total;2020-51;6.67
Netherlands;Total;2020-52;6.05
Netherlands;Total;2020-53;7.84
Netherlands;Total;2021-01;7.93
Netherlands;Total;2021-02;5.46
Netherlands;Total;2021-03;5.47
Netherlands;Total;2021-04;4.24
Netherlands;Total;2021-05;3.76
Netherlands;Total;2021-06;2.94
Netherlands;Total;2021-07;2.87
Netherlands;Total;2021-08;0.16
Netherlands;Total;2021-09;-0.62
Netherlands;Total;2021-10;0.81
Netherlands;Total;2021-11;-0.85
Netherlands;Total;2021-12;-0.63
Netherlands;Total;2021-13;0.84
Netherlands;Total;2021-14;0.96
Netherlands;Total;2021-15;1.03
Netherlands;Total;2021-16;1.31
Netherlands;Total;2021-17;1.4
Netherlands;Total;2021-18;0.47
Netherlands;Total;2021-19;0.87
Netherlands;Total;2021-20;0.82
Netherlands;Total;2021-21;-0.84
Netherlands;Total;2021-22;1.48
Netherlands;Total;2021-23;0.42
Netherlands;Total;2021-24;0.39
Netherlands;Total;2021-25;-1.49
Netherlands;Total;2021-26;-0.15
Netherlands;Total;2021-27;0.4
Netherlands;Total;2021-28;0.79
Netherlands;Total;2021-29;-0.18
Netherlands;Total;2021-30;1.25
Netherlands;Total;2021-31;1.67
Netherlands;Total;2021-32;0.38
Netherlands;Total;2021-33;0.91
Netherlands;Total;2021-34;1.06
Netherlands;Total;2021-35;0.26
Netherlands;Total;2021-36;2.34
Netherlands;Total;2021-37;0.38
Netherlands;Total;2021-38;-0.19
Netherlands;Total;2021-39;1.49
Netherlands;Total;2021-40;1.15
Netherlands;Total;2021-41;0.83
Netherlands;Total;2021-42;2.62
Netherlands;Total;2021-43;3.38
Netherlands;Total;2021-44;4.33
Netherlands;Total;2021-45;6.43
Netherlands;Total;2021-46;7.95
Netherlands;Total;2021-47;9.31
Netherlands;Total;2021-48;10.64
Netherlands;Total;2021-49;10.17
Netherlands;Total;2021-50;7.15
Netherlands;Total;2021-51;4.5
Netherlands;Total;2021-52;3.61
Netherlands;Total;2022-01;1.36
Netherlands;Total;2022-02;-1.12
Netherlands;Total;2022-03;-0.86
Netherlands;Total;2022-04;-0.79
Netherlands;Total;2022-05;-0.06
Netherlands;Total;2022-06;-0.27
Netherlands;Total;2022-07;0.85
Netherlands;Total;2022-08;0.74
Netherlands;Total;2022-09;-0.17
Netherlands;Total;2022-10;1.38
Netherlands;Total;2022-11;3.51
Netherlands;Total;2022-12;3.99
Netherlands;Total;2022-13;3.69
Netherlands;Total;2022-14;4.04
Netherlands;Total;2022-15;3.8
Netherlands;Total;2022-16;1.42
Netherlands;Total;2022-17;0.78
Netherlands;Total;2022-18;0.93
Netherlands;Total;2022-19;1.18
Netherlands;Total;2022-20;0.74
Netherlands;Total;2022-21;-0.4
Netherlands;Total;2022-22;0.27
Netherlands;Total;2022-23;0.22
Netherlands;Total;2022-24;1.11
Netherlands;Total;2022-25;2.48
Netherlands;Total;2022-26;2.26
Netherlands;Total;2022-27;1.08
Netherlands;Total;2022-28;2.27
Netherlands;Total;2022-29;3.28
Netherlands;Total;2022-30;2.73
Netherlands;Total;2022-31;0.99
Netherlands;Total;2022-32;1.16
Netherlands;Total;2022-33;1.98
Netherlands;Total;2022-34;1.51
Netherlands;Total;2022-35;0.59
Netherlands;Total;2022-36;0.12
Netherlands;Total;2022-37;-1.3
Netherlands;Total;2022-38;0.44
Netherlands;Total;2022-39;2.08
Netherlands;Total;2022-40;2.83
Netherlands;Total;2022-41;2.54
Netherlands;Total;2022-42;2.81
Netherlands;Total;2022-43;1.92
Netherlands;Total;2022-44;0.88
Netherlands;Total;2022-45;-0.02
Netherlands;Total;2022-46;0.2
Netherlands;Total;2022-47;1.65
Netherlands;Total;2022-48;1.58
Netherlands;Total;2022-49;2.96
Netherlands;Total;2022-50;5.94
Netherlands;Total;2022-51;7.37
Netherlands;Total;2022-52;6.62
Netherlands;Total;2023-01;5.64
Netherlands;Total;2023-02;4.22
Netherlands;Total;2023-03;2.58
Netherlands;Total;2023-04;0.61
Netherlands;Total;2023-05;2.09
Netherlands;Total;2023-06;0.69
Netherlands;Total;2023-07;1.61
Netherlands;Total;2023-08;0.84
Netherlands;Total;2023-09;1.52
Netherlands;Total;2023-10;4.07
Netherlands;Total;2023-11;3.35
Netherlands;Total;2023-12;2.71
Netherlands;Total;2023-13;1.22
Netherlands;Total;2023-14;0.47
Netherlands;Total;2023-15;-1.25
Netherlands;Total;2023-16;0.61
Netherlands;Total;2023-17;-2.33
Netherlands;Total;2023-18;-0.93
Netherlands;Total;2023-19;-0.86
Netherlands;Total;2023-20;-1.45
Netherlands;Total;2023-21;-0.63
Netherlands;Total;2023-22;-1.33
Netherlands;Total;2023-23;0.98
Netherlands;Total;2023-24;2.29
Netherlands;Total;2023-25;0.59
Netherlands;Total;2023-26;-0.45
Netherlands;Total;2023-27;-1.55
Netherlands;Total;2023-28;0.15
Netherlands;Total;2023-29;-1.5
Netherlands;Total;2023-30;0.05
Netherlands;Total;2023-31;-1.47
Netherlands;Total;2023-32;-0.41
Netherlands;Total;2023-33;-0.22
Netherlands;Total;2023-34;-0.63
Netherlands;Total;2023-35;-1.15
Netherlands;Total;2023-36;-0.29
Netherlands;Total;2023-37;-0.94
Netherlands;Total;2023-38;-0.32
Netherlands;Total;2023-39;0.22
Netherlands;Total;2023-40;0.24
Netherlands;Total;2023-41;-0.2
Netherlands;Total;2023-42;-0.12
Netherlands;Total;2023-43;2.25
Netherlands;Total;2023-44;2.42
Netherlands;Total;2023-45;2.58
Netherlands;Total;2023-46;1.35
Netherlands;Total;2023-47;0.02
Netherlands;Total;2023-48;1.99
Netherlands;Total;2023-49;2.17
Netherlands;Total;2023-50;2.21
Netherlands;Total;2023-51;4.24
Netherlands;Total;2023-52;0.46
Netherlands;Total;2024-01;2.3
Netherlands;Total;2024-02;1.61
Netherlands;Total;2024-03;3.16
Netherlands;Total;2024-04;3.62
Netherlands;Total;2024-05;4.57
Netherlands;Total;2024-06;2.87
Netherlands;Total;2024-07;1.33
Netherlands;Total;2024-08;0.04
Netherlands;Total;2024-09;0.99
Netherlands;Total;2024-10;1.37
Netherlands;Total;2024-11;0.26
Netherlands;Total;2024-12;0.11
Netherlands;Total;2024-13;1.08
Netherlands;Total;2024-14;0.89
Netherlands;Total;2024-15;1.3
Netherlands;Total;2024-16;-0.15
Netherlands;Total;2024-17;0.96
Netherlands;Total;2024-18;0.42
Netherlands;Total;2024-19;-1.33
Netherlands;Total;2024-20;0.51
Netherlands;Total;2024-21;0.09
Netherlands;Total;2024-22;-1.1
Netherlands;Total;2024-23;-0.91
Netherlands;Total;2024-24;0.02
Netherlands;Total;2024-25;1.05
Netherlands;Total;2024-26;0.84
Netherlands;Total;2024-27;0.36
Netherlands;Total;2024-28;1.27
Netherlands;Total;2024-29;0.18
Netherlands;Total;2024-30;-0.49
Netherlands;Total;2024-31;0.05
Netherlands;Total;2024-32;-0.49
Netherlands;Total;2024-33;0.37
Netherlands;Total;2024-34;-0.25
Netherlands;Total;2024-35;-0.57
Netherlands;Total;2024-36;0.53
Netherlands;Total;2024-37;-1.42
Netherlands;Total;2024-38;-0.05
Netherlands;Total;2024-39;0.25
Netherlands;Total;2024-40;0.21
Netherlands;Total;2024-41;1.4
Netherlands;Total;2024-42;1.09
Netherlands;Total;2024-43;-0.5
Netherlands;Total;2024-44;-1.46
Netherlands;Total;2024-45;-0.57
Netherlands;Total;2024-46;-0.8
Netherlands;Total;2024-47;-0.32
Netherlands;Total;2024-48;-0.26
Netherlands;Total;2024-49;-0.09
Netherlands;Total;2024-50;-1.18
Norway;Total;2018-52;0.99
Norway;Total;2019-01;1.26
Norway;Total;2019-02;0.25
Norway;Total;2019-03;-0.07
Norway;Total;2019-04;0.21
Norway;Total;2019-05;1.26
Norway;Total;2019-06;0.4
Norway;Total;2019-07;2.27
Norway;Total;2019-08;0.12
Norway;Total;2019-09;-0.22
Norway;Total;2019-10;0.52
Norway;Total;2019-11;1.18
Norway;Total;2019-12;-0.08
Norway;Total;2019-13;-0.03
Norway;Total;2019-14;-0.23
Norway;Total;2019-15;-0.48
Norway;Total;2019-16;-0.44
Norway;Total;2019-17;1.23
Norway;Total;2019-18;0.37
Norway;Total;2019-19;1
Norway;Total;2019-20;-0.71
Norway;Total;2019-21;-0.16
Norway;Total;2019-22;-0.38
Norway;Total;2019-23;-0.4
Norway;Total;2019-24;0.22
Norway;Total;2019-25;0.19
Norway;Total;2019-26;1.49
Norway;Total;2019-27;0.8
Norway;Total;2019-28;0.82
Norway;Total;2019-29;1.24
Norway;Total;2019-30;0.19
Norway;Total;2019-31;1.09
Norway;Total;2019-32;-0.17
Norway;Total;2019-33;0.55
Norway;Total;2019-34;-1.24
Norway;Total;2019-35;1.88
Norway;Total;2019-36;-0.62
Norway;Total;2019-37;-1.17
Norway;Total;2019-38;0.32
Norway;Total;2019-39;2.36
Norway;Total;2019-40;-1.17
Norway;Total;2019-41;0.76
Norway;Total;2019-42;0.45
Norway;Total;2019-43;0.45
Norway;Total;2019-44;-0.42
Norway;Total;2019-45;-0.36
Norway;Total;2019-46;1.27
Norway;Total;2019-47;-0.65
Norway;Total;2019-48;-1.27
Norway;Total;2019-49;0.47
Norway;Total;2019-50;-1.72
Norway;Total;2019-51;-1.84
Norway;Total;2019-52;-1.14
Norway;Total;2020-01;0.29
Norway;Total;2020-02;2.49
Norway;Total;2020-03;-0.16
Norway;Total;2020-04;0.33
Norway;Total;2020-05;-0.97
Norway;Total;2020-06;-1.38
Norway;Total;2020-07;0.24
Norway;Total;2020-08;-0.89
Norway;Total;2020-09;-0.17
Norway;Total;2020-10;-1.04
Norway;Total;2020-11;0.16
Norway;Total;2020-12;-0.42
Norway;Total;2020-13;0.93
Norway;Total;2020-14;0.64
Norway;Total;2020-15;1.41
Norway;Total;2020-16;0.75
Norway;Total;2020-17;-0.27
Norway;Total;2020-18;-0.81
Norway;Total;2020-19;-0.93
Norway;Total;2020-20;-2.48
Norway;Total;2020-21;-0.41
Norway;Total;2020-22;-2.8
Norway;Total;2020-23;-2.2
Norway;Total;2020-24;-0.3
Norway;Total;2020-25;-0.04
Norway;Total;2020-26;-1.73
Norway;Total;2020-27;-1.14
Norway;Total;2020-28;-1.77
Norway;Total;2020-29;0.82
Norway;Total;2020-30;0.02
Norway;Total;2020-31;0.61
Norway;Total;2020-32;-0.02
Norway;Total;2020-33;-0.07
Norway;Total;2020-34;0.5
Norway;Total;2020-35;-1.27
Norway;Total;2020-36;-1.14
Norway;Total;2020-37;1.1
Norway;Total;2020-38;0.36
Norway;Total;2020-39;-0.87
Norway;Total;2020-40;0.35
Norway;Total;2020-41;-1.3
Norway;Total;2020-42;-2.19
Norway;Total;2020-43;-0.09
Norway;Total;2020-44;-0.19
Norway;Total;2020-45;-0.99
Norway;Total;2020-46;-1.3
Norway;Total;2020-47;-0.57
Norway;Total;2020-48;-1.43
Norway;Total;2020-49;-1.37
Norway;Total;2020-50;0.05
Norway;Total;2020-51;-0.42
Norway;Total;2020-52;-0.54
Norway;Total;2020-53;-0.58
Norway;Total;2021-01;-0.91
Norway;Total;2021-02;0.38
Norway;Total;2021-03;0.03
Norway;Total;2021-04;-0.38
Norway;Total;2021-05;-2
Norway;Total;2021-06;-1.23
Norway;Total;2021-07;-2.53
Norway;Total;2021-08;-2.52
Norway;Total;2021-09;-3.88
Norway;Total;2021-10;-1.64
Norway;Total;2021-11;-1.26
Norway;Total;2021-12;-1.91
Norway;Total;2021-13;-3.03
Norway;Total;2021-14;-1.18
Norway;Total;2021-15;-1.59
Norway;Total;2021-16;-1.35
Norway;Total;2021-17;-0.4
Norway;Total;2021-18;-2.93
Norway;Total;2021-19;-2.5
Norway;Total;2021-20;-0.57
Norway;Total;2021-21;-1.54
Norway;Total;2021-22;-1.17
Norway;Total;2021-23;-0.76
Norway;Total;2021-24;-2.16
Norway;Total;2021-25;-1.51
Norway;Total;2021-26;-0.54
Norway;Total;2021-27;0.97
Norway;Total;2021-28;-0.81
Norway;Total;2021-29;0.64
Norway;Total;2021-30;0.47
Norway;Total;2021-31;0.73
Norway;Total;2021-32;1.14
Norway;Total;2021-33;1.01
Norway;Total;2021-34;1.13
Norway;Total;2021-35;1.05
Norway;Total;2021-36;0.85
Norway;Total;2021-37;1.71
Norway;Total;2021-38;1.15
Norway;Total;2021-39;0.71
Norway;Total;2021-40;0.42
Norway;Total;2021-41;0
Norway;Total;2021-42;1.38
Norway;Total;2021-43;2.45
Norway;Total;2021-44;2.75
Norway;Total;2021-45;3.46
Norway;Total;2021-46;2.38
Norway;Total;2021-47;2.87
Norway;Total;2021-48;3.24
Norway;Total;2021-49;5.01
Norway;Total;2021-50;3
Norway;Total;2021-51;2.59
Norway;Total;2021-52;1.5
Norway;Total;2022-01;2.19
Norway;Total;2022-02;1.13
Norway;Total;2022-03;-1.2
Norway;Total;2022-04;-1.3
Norway;Total;2022-05;1.36
Norway;Total;2022-06;0.31
Norway;Total;2022-07;0.93
Norway;Total;2022-08;3.18
Norway;Total;2022-09;2.74
Norway;Total;2022-10;1.86
Norway;Total;2022-11;3.86
Norway;Total;2022-12;3.87
Norway;Total;2022-13;1.55
Norway;Total;2022-14;3.34
Norway;Total;2022-15;1.16
Norway;Total;2022-16;0.79
Norway;Total;2022-17;1.21
Norway;Total;2022-18;1.39
Norway;Total;2022-19;1.02
Norway;Total;2022-20;1.59
Norway;Total;2022-21;-0.76
Norway;Total;2022-22;1.26
Norway;Total;2022-23;0.57
Norway;Total;2022-24;1.56
Norway;Total;2022-25;4.14
Norway;Total;2022-26;1.37
Norway;Total;2022-27;3.15
Norway;Total;2022-28;3.74
Norway;Total;2022-29;3.66
Norway;Total;2022-30;1.7
Norway;Total;2022-31;1.87
Norway;Total;2022-32;1.68
Norway;Total;2022-33;2.51
Norway;Total;2022-34;0.15
Norway;Total;2022-35;-0.06
Norway;Total;2022-36;1.7
Norway;Total;2022-37;0.62
Norway;Total;2022-38;2.05
Norway;Total;2022-39;1.48
Norway;Total;2022-40;0.53
Norway;Total;2022-41;1.5
Norway;Total;2022-42;1.07
Norway;Total;2022-43;0.84
Norway;Total;2022-44;1.02
Norway;Total;2022-45;0.12
Norway;Total;2022-46;1.07
Norway;Total;2022-47;2.17
Norway;Total;2022-48;1.55
Norway;Total;2022-49;2.09
Norway;Total;2022-50;4.24
Norway;Total;2022-51;4.8
Norway;Total;2022-52;6.39
Norway;Total;2023-01;5.45
Norway;Total;2023-02;4.66
Norway;Total;2023-03;0.64
Norway;Total;2023-04;-0.06
Norway;Total;2023-05;-0.06
Norway;Total;2023-06;-0.93
Norway;Total;2023-07;-1.19
Norway;Total;2023-08;-0.99
Norway;Total;2023-09;-2.02
Norway;Total;2023-10;-1
Norway;Total;2023-11;-0.33
Norway;Total;2023-12;-0.09
Norway;Total;2023-13;-0.72
Norway;Total;2023-14;-1.46
Norway;Total;2023-15;-0.61
Norway;Total;2023-16;0.16
Norway;Total;2023-17;0.25
Norway;Total;2023-18;-0.97
Norway;Total;2023-19;0.57
Norway;Total;2023-20;-2.6
Norway;Total;2023-21;-0.55
Norway;Total;2023-22;0.45
Norway;Total;2023-23;0.05
Norway;Total;2023-24;0.89
Norway;Total;2023-25;-0.6
Norway;Total;2023-26;1.99
Norway;Total;2023-27;-0.64
Norway;Total;2023-28;-0.14
Norway;Total;2023-29;-0.85
Norway;Total;2023-30;-0.16
Norway;Total;2023-31;0.68
Norway;Total;2023-32;-0.26
Norway;Total;2023-33;-1.45
Norway;Total;2023-34;-0.71
Norway;Total;2023-35;-0.46
Norway;Total;2023-36;0.76
Norway;Total;2023-37;1.44
Norway;Total;2023-38;0.67
Norway;Total;2023-39;0.75
Norway;Total;2023-40;-0.86
Norway;Total;2023-41;-0.41
Norway;Total;2023-42;0.67
Norway;Total;2023-43;-0.02
Norway;Total;2023-44;0.94
Norway;Total;2023-45;0.83
Norway;Total;2023-46;1.99
Norway;Total;2023-47;3.21
Norway;Total;2023-48;1.21
Norway;Total;2023-49;1.38
Norway;Total;2023-50;0.76
Norway;Total;2023-51;2.51
Norway;Total;2023-52;0.32
Norway;Total;2024-01;2.07
Norway;Total;2024-02;1.83
Norway;Total;2024-03;2.3
Norway;Total;2024-04;0.19
Norway;Total;2024-05;0.8
Norway;Total;2024-06;-0.52
Norway;Total;2024-07;-1.04
Norway;Total;2024-08;-0.61
Norway;Total;2024-09;-0.7
Norway;Total;2024-10;-0.82
Norway;Total;2024-11;-1.47
Norway;Total;2024-12;-1.69
Norway;Total;2024-13;-0.27
Norway;Total;2024-14;-1.86
Norway;Total;2024-15;-1.14
Norway;Total;2024-16;-1.12
Norway;Total;2024-17;-0.43
Norway;Total;2024-18;-0.58
Norway;Total;2024-19;-1.98
Norway;Total;2024-20;-0.17
Norway;Total;2024-21;0.98
Norway;Total;2024-22;-0.23
Norway;Total;2024-23;0.93
Norway;Total;2024-24;-0.29
Norway;Total;2024-25;-0.2
Norway;Total;2024-26;0.5
Norway;Total;2024-27;0.28
Norway;Total;2024-28;-0.78
Norway;Total;2024-29;0.41
Norway;Total;2024-30;0.47
Norway;Total;2024-31;1.49
Norway;Total;2024-32;0.4
Norway;Total;2024-33;1.08
Norway;Total;2024-34;0.35
Norway;Total;2024-35;1.22
Norway;Total;2024-36;2.83
Norway;Total;2024-37;1.44
Norway;Total;2024-38;-1.13
Norway;Total;2024-39;-0.45
Norway;Total;2024-40;-0.38
Norway;Total;2024-41;2.24
Norway;Total;2024-42;0.41
Norway;Total;2024-43;0.65
Norway;Total;2024-44;-0.91
Norway;Total;2024-45;-0.83
Norway;Total;2024-46;-0.3
Norway;Total;2024-47;-1.7
Norway;Total;2024-48;-0.68
Norway;Total;2024-49;-1.07
Norway;Total;2024-50;-2.46
Portugal;Total;2018-52;3
Portugal;Total;2019-01;5.26
Portugal;Total;2019-02;7.66
Portugal;Total;2019-03;8.34
Portugal;Total;2019-04;8.66
Portugal;Total;2019-05;7.45
Portugal;Total;2019-06;6.35
Portugal;Total;2019-07;5.77
Portugal;Total;2019-08;4.22
Portugal;Total;2019-09;3.21
Portugal;Total;2019-10;2.3
Portugal;Total;2019-11;1.44
Portugal;Total;2019-12;0.99
Portugal;Total;2019-13;0.42
Portugal;Total;2019-14;0.26
Portugal;Total;2019-15;0.64
Portugal;Total;2019-16;0.73
Portugal;Total;2019-17;0.46
Portugal;Total;2019-18;0.48
Portugal;Total;2019-19;-0.21
Portugal;Total;2019-20;-0.87
Portugal;Total;2019-21;-0.84
Portugal;Total;2019-22;-0.23
Portugal;Total;2019-23;-1.45
Portugal;Total;2019-24;-0.95
Portugal;Total;2019-25;-0.37
Portugal;Total;2019-26;-0.24
Portugal;Total;2019-27;-0.39
Portugal;Total;2019-28;-0.27
Portugal;Total;2019-29;-0.95
Portugal;Total;2019-30;-0.63
Portugal;Total;2019-31;-0.61
Portugal;Total;2019-32;-0.65
Portugal;Total;2019-33;-1.43
Portugal;Total;2019-34;0.44
Portugal;Total;2019-35;-0.19
Portugal;Total;2019-36;0.35
Portugal;Total;2019-37;-1.22
Portugal;Total;2019-38;-0.22
Portugal;Total;2019-39;-1.21
Portugal;Total;2019-40;-0.31
Portugal;Total;2019-41;-1.06
Portugal;Total;2019-42;-0.51
Portugal;Total;2019-43;1.71
Portugal;Total;2019-44;1.69
Portugal;Total;2019-45;1.11
Portugal;Total;2019-46;1.57
Portugal;Total;2019-47;2.26
Portugal;Total;2019-48;2.06
Portugal;Total;2019-49;0.71
Portugal;Total;2019-50;2.24
Portugal;Total;2019-51;2.06
Portugal;Total;2019-52;2.14
Portugal;Total;2020-01;3.86
Portugal;Total;2020-02;5.25
Portugal;Total;2020-03;6.08
Portugal;Total;2020-04;5.11
Portugal;Total;2020-05;5.16
Portugal;Total;2020-06;3.31
Portugal;Total;2020-07;1.22
Portugal;Total;2020-08;2.04
Portugal;Total;2020-09;1.47
Portugal;Total;2020-10;0.28
Portugal;Total;2020-11;2.22
Portugal;Total;2020-12;3.07
Portugal;Total;2020-13;4.31
Portugal;Total;2020-14;5.55
Portugal;Total;2020-15;5.32
Portugal;Total;2020-16;3.13
Portugal;Total;2020-17;2.45
Portugal;Total;2020-18;1.12
Portugal;Total;2020-19;1.3
Portugal;Total;2020-20;0.16
Portugal;Total;2020-21;0.44
Portugal;Total;2020-22;3.5
Portugal;Total;2020-23;0.28
Portugal;Total;2020-24;-1.42
Portugal;Total;2020-25;-0.46
Portugal;Total;2020-26;1.75
Portugal;Total;2020-27;1.15
Portugal;Total;2020-28;3.26
Portugal;Total;2020-29;7.72
Portugal;Total;2020-30;5.55
Portugal;Total;2020-31;3.14
Portugal;Total;2020-32;1.79
Portugal;Total;2020-33;0.08
Portugal;Total;2020-34;0.95
Portugal;Total;2020-35;1.6
Portugal;Total;2020-36;1.48
Portugal;Total;2020-37;3.35
Portugal;Total;2020-38;2.03
Portugal;Total;2020-39;-0.86
Portugal;Total;2020-40;2.03
Portugal;Total;2020-41;1.94
Portugal;Total;2020-42;2.52
Portugal;Total;2020-43;2.51
Portugal;Total;2020-44;4.84
Portugal;Total;2020-45;5.72
Portugal;Total;2020-46;7.25
Portugal;Total;2020-47;6.76
Portugal;Total;2020-48;6.45
Portugal;Total;2020-49;7.64
Portugal;Total;2020-50;9.1
Portugal;Total;2020-51;7.79
Portugal;Total;2020-52;6.54
Portugal;Total;2020-53;9.5
Portugal;Total;2021-01;15.22
Portugal;Total;2021-02;21.29
Portugal;Total;2021-03;24.42
Portugal;Total;2021-04;22.46
Portugal;Total;2021-05;16.07
Portugal;Total;2021-06;11.16
Portugal;Total;2021-07;6.43
Portugal;Total;2021-08;3.38
Portugal;Total;2021-09;1.81
Portugal;Total;2021-10;-0.44
Portugal;Total;2021-11;-0.5
Portugal;Total;2021-12;-1.15
Portugal;Total;2021-13;-0.22
Portugal;Total;2021-14;-1.57
Portugal;Total;2021-15;-1.83
Portugal;Total;2021-16;-2.28
Portugal;Total;2021-17;-2.49
Portugal;Total;2021-18;-0.46
Portugal;Total;2021-19;-1.88
Portugal;Total;2021-20;-2.62
Portugal;Total;2021-21;-0.59
Portugal;Total;2021-22;-1.76
Portugal;Total;2021-23;-0.9
Portugal;Total;2021-24;-0.22
Portugal;Total;2021-25;-1.74
Portugal;Total;2021-26;-0.41
Portugal;Total;2021-27;-0.31
Portugal;Total;2021-28;1.03
Portugal;Total;2021-29;-0.04
Portugal;Total;2021-30;0.13
Portugal;Total;2021-31;1.29
Portugal;Total;2021-32;1.5
Portugal;Total;2021-33;1.97
Portugal;Total;2021-34;1.5
Portugal;Total;2021-35;1.35
Portugal;Total;2021-36;0.23
Portugal;Total;2021-37;-0.63
Portugal;Total;2021-38;0.56
Portugal;Total;2021-39;0.18
Portugal;Total;2021-40;1.43
Portugal;Total;2021-41;1.35
Portugal;Total;2021-42;0.19
Portugal;Total;2021-43;1.42
Portugal;Total;2021-44;0.95
Portugal;Total;2021-45;3.68
Portugal;Total;2021-46;3.99
Portugal;Total;2021-47;4.83
Portugal;Total;2021-48;6.29
Portugal;Total;2021-49;4.98
Portugal;Total;2021-50;3.54
Portugal;Total;2021-51;4.25
Portugal;Total;2021-52;3.45
Portugal;Total;2022-01;2.77
Portugal;Total;2022-02;3.43
Portugal;Total;2022-03;5.57
Portugal;Total;2022-04;5.44
Portugal;Total;2022-05;6.25
Portugal;Total;2022-06;4.63
Portugal;Total;2022-07;4.65
Portugal;Total;2022-08;2.49
Portugal;Total;2022-09;1.84
Portugal;Total;2022-10;2.35
Portugal;Total;2022-11;2.24
Portugal;Total;2022-12;2.8
Portugal;Total;2022-13;2.84
Portugal;Total;2022-14;2.62
Portugal;Total;2022-15;2.95
Portugal;Total;2022-16;1.69
Portugal;Total;2022-17;1.63
Portugal;Total;2022-18;1.17
Portugal;Total;2022-19;3.79
Portugal;Total;2022-20;2.86
Portugal;Total;2022-21;2.98
Portugal;Total;2022-22;3.54
Portugal;Total;2022-23;4.93
Portugal;Total;2022-24;6.98
Portugal;Total;2022-25;1.64
Portugal;Total;2022-26;1.42
Portugal;Total;2022-27;3.95
Portugal;Total;2022-28;7.95
Portugal;Total;2022-29;3.97
Portugal;Total;2022-30;3.44
Portugal;Total;2022-31;2.41
Portugal;Total;2022-32;1.31
Portugal;Total;2022-33;0.96
Portugal;Total;2022-34;0.65
Portugal;Total;2022-35;0.64
Portugal;Total;2022-36;0.57
Portugal;Total;2022-37;0.98
Portugal;Total;2022-38;1.25
Portugal;Total;2022-39;-1.22
Portugal;Total;2022-40;1.2
Portugal;Total;2022-41;1.05
Portugal;Total;2022-42;0.52
Portugal;Total;2022-43;1.33
Portugal;Total;2022-44;1.65
Portugal;Total;2022-45;2.47
Portugal;Total;2022-46;2.57
Portugal;Total;2022-47;3.82
Portugal;Total;2022-48;5.23
Portugal;Total;2022-49;6.72
Portugal;Total;2022-50;7.24
Portugal;Total;2022-51;5.25
Portugal;Total;2022-52;4.72
Portugal;Total;2023-01;5.2
Portugal;Total;2023-02;3.61
Portugal;Total;2023-03;4.5
Portugal;Total;2023-04;3.7
Portugal;Total;2023-05;5.47
Portugal;Total;2023-06;5.73
Portugal;Total;2023-07;4.39
Portugal;Total;2023-08;2.77
Portugal;Total;2023-09;3.19
Portugal;Total;2023-10;3.11
Portugal;Total;2023-11;1.11
Portugal;Total;2023-12;0
Portugal;Total;2023-13;-0.09
Portugal;Total;2023-14;-0.49
Portugal;Total;2023-15;-1.14
Portugal;Total;2023-16;-0.43
Portugal;Total;2023-17;0.63
Portugal;Total;2023-18;-0.16
Portugal;Total;2023-19;-2.14
Portugal;Total;2023-20;-0.27
Portugal;Total;2023-21;0.08
Portugal;Total;2023-22;0.03
Portugal;Total;2023-23;0.28
Portugal;Total;2023-24;-0.55
Portugal;Total;2023-25;0.27
Portugal;Total;2023-26;-0.41
Portugal;Total;2023-27;-1.04
Portugal;Total;2023-28;-0.41
Portugal;Total;2023-29;-0.7
Portugal;Total;2023-30;-0.4
Portugal;Total;2023-31;0.54
Portugal;Total;2023-32;2.29
Portugal;Total;2023-33;0.78
Portugal;Total;2023-34;3.29
Portugal;Total;2023-35;0.44
Portugal;Total;2023-36;0.66
Portugal;Total;2023-37;0.36
Portugal;Total;2023-38;0.2
Portugal;Total;2023-39;0.67
Portugal;Total;2023-40;0.4
Portugal;Total;2023-41;0.34
Portugal;Total;2023-42;-0.5
Portugal;Total;2023-43;0.28
Portugal;Total;2023-44;0.15
Portugal;Total;2023-45;2.01
Portugal;Total;2023-46;0.5
Portugal;Total;2023-47;0.24
Portugal;Total;2023-48;1.41
Portugal;Total;2023-49;3.24
Portugal;Total;2023-50;3.33
Portugal;Total;2023-51;5.05
Portugal;Total;2023-52;10.51
Portugal;Total;2024-01;11.86
Portugal;Total;2024-02;9.27
Portugal;Total;2024-03;6.72
Portugal;Total;2024-04;3.18
Portugal;Total;2024-05;1.21
Portugal;Total;2024-06;1.14
Portugal;Total;2024-07;0.98
Portugal;Total;2024-08;-0.83
Portugal;Total;2024-09;-0.38
Portugal;Total;2024-10;1.38
Portugal;Total;2024-11;2.06
Portugal;Total;2024-12;1.38
Portugal;Total;2024-13;0.15
Portugal;Total;2024-14;1.71
Portugal;Total;2024-15;-0.12
Portugal;Total;2024-16;0.15
Portugal;Total;2024-17;-1.07
Portugal;Total;2024-18;-0.36
Portugal;Total;2024-19;0.15
Portugal;Total;2024-20;-0.74
Portugal;Total;2024-21;0.9
Portugal;Total;2024-22;1.44
Portugal;Total;2024-23;1.83
Portugal;Total;2024-24;0.35
Portugal;Total;2024-25;0.96
Portugal;Total;2024-26;-0.08
Portugal;Total;2024-27;0.78
Portugal;Total;2024-28;1.13
Portugal;Total;2024-29;-0.2
Portugal;Total;2024-30;2.6
Portugal;Total;2024-31;1.95
Portugal;Total;2024-32;0.59
Portugal;Total;2024-33;0.27
Portugal;Total;2024-34;0.39
Portugal;Total;2024-35;-0.54
Portugal;Total;2024-36;-1.93
Portugal;Total;2024-37;-0.19
Portugal;Total;2024-38;1.08
Portugal;Total;2024-39;-2.09
Portugal;Total;2024-40;0.87
Portugal;Total;2024-41;-1.64
Portugal;Total;2024-42;-0.94
Portugal;Total;2024-43;-0.42
Portugal;Total;2024-44;-0.04
Portugal;Total;2024-45;1.03
Portugal;Total;2024-46;-0.48
Portugal;Total;2024-47;0.85
Portugal;Total;2024-48;0.42
Portugal;Total;2024-49;0.62
Portugal;Total;2024-50;1.97
Slovenia;Total;2018-52;0.56
Slovenia;Total;2019-01;2.22
Slovenia;Total;2019-02;3.02
Slovenia;Total;2019-03;2.52
Slovenia;Total;2019-04;2.46
Slovenia;Total;2019-05;3.94
Slovenia;Total;2019-06;3.79
Slovenia;Total;2019-07;2.53
Slovenia;Total;2019-08;2.67
Slovenia;Total;2019-09;2.68
Slovenia;Total;2019-10;0.47
Slovenia;Total;2019-11;2.48
Slovenia;Total;2019-12;1.38
Slovenia;Total;2019-13;-0.33
Slovenia;Total;2019-14;1.03
Slovenia;Total;2019-15;-1.84
Slovenia;Total;2019-16;1.02
Slovenia;Total;2019-17;0.47
Slovenia;Total;2019-18;-0.28
Slovenia;Total;2019-19;-0.51
Slovenia;Total;2019-20;1.11
Slovenia;Total;2019-21;1.43
Slovenia;Total;2019-22;-0.93
Slovenia;Total;2019-23;-2.19
Slovenia;Total;2019-24;-0.6
Slovenia;Total;2019-25;0.51
Slovenia;Total;2019-26;-1.04
Slovenia;Total;2019-27;-0.25
Slovenia;Total;2019-28;-1.32
Slovenia;Total;2019-29;-0.23
Slovenia;Total;2019-30;2.39
Slovenia;Total;2019-31;0.4
Slovenia;Total;2019-32;1.07
Slovenia;Total;2019-33;-0.53
Slovenia;Total;2019-34;1.13
Slovenia;Total;2019-35;-1.25
Slovenia;Total;2019-36;-1.57
Slovenia;Total;2019-37;0.86
Slovenia;Total;2019-38;-1.47
Slovenia;Total;2019-39;-0.27
Slovenia;Total;2019-40;0.08
Slovenia;Total;2019-41;0.23
Slovenia;Total;2019-42;-0.12
Slovenia;Total;2019-43;-1.06
Slovenia;Total;2019-44;-2.66
Slovenia;Total;2019-45;-0.43
Slovenia;Total;2019-46;0.12
Slovenia;Total;2019-47;-1.85
Slovenia;Total;2019-48;-2.17
Slovenia;Total;2019-49;1.07
Slovenia;Total;2019-50;1.53
Slovenia;Total;2019-51;1.08
Slovenia;Total;2019-52;-0.59
Slovenia;Total;2020-01;0.37
Slovenia;Total;2020-02;0.54
Slovenia;Total;2020-03;0.69
Slovenia;Total;2020-04;1.7
Slovenia;Total;2020-05;2.41
Slovenia;Total;2020-06;1.48
Slovenia;Total;2020-07;3.67
Slovenia;Total;2020-08;1.34
Slovenia;Total;2020-09;1.1
Slovenia;Total;2020-10;0.94
Slovenia;Total;2020-11;1.53
Slovenia;Total;2020-12;2.05
Slovenia;Total;2020-13;0
Slovenia;Total;2020-14;-0.19
Slovenia;Total;2020-15;1.62
Slovenia;Total;2020-16;2.18
Slovenia;Total;2020-17;0.78
Slovenia;Total;2020-18;-0.75
Slovenia;Total;2020-19;0.33
Slovenia;Total;2020-20;-0.55
Slovenia;Total;2020-21;1.79
Slovenia;Total;2020-22;-1.64
Slovenia;Total;2020-23;-0.81
Slovenia;Total;2020-24;0.83
Slovenia;Total;2020-25;0.76
Slovenia;Total;2020-26;2.4
Slovenia;Total;2020-27;0.62
Slovenia;Total;2020-28;-1.28
Slovenia;Total;2020-29;-0.2
Slovenia;Total;2020-30;0.62
Slovenia;Total;2020-31;1.75
Slovenia;Total;2020-32;0.48
Slovenia;Total;2020-33;1.53
Slovenia;Total;2020-34;-0.2
Slovenia;Total;2020-35;-0.82
Slovenia;Total;2020-36;0.45
Slovenia;Total;2020-37;1.27
Slovenia;Total;2020-38;2.33
Slovenia;Total;2020-39;-0.63
Slovenia;Total;2020-40;1.66
Slovenia;Total;2020-41;1.49
Slovenia;Total;2020-42;2.58
Slovenia;Total;2020-43;5.58
Slovenia;Total;2020-44;8.38
Slovenia;Total;2020-45;9.26
Slovenia;Total;2020-46;13.12
Slovenia;Total;2020-47;12.73
Slovenia;Total;2020-48;14.47
Slovenia;Total;2020-49;14.58
Slovenia;Total;2020-50;13.68
Slovenia;Total;2020-51;11.29
Slovenia;Total;2020-52;10.04
Slovenia;Total;2020-53;9.03
Slovenia;Total;2021-01;7.06
Slovenia;Total;2021-02;7.57
Slovenia;Total;2021-03;6.43
Slovenia;Total;2021-04;4.26
Slovenia;Total;2021-05;4.25
Slovenia;Total;2021-06;1
Slovenia;Total;2021-07;0.66
Slovenia;Total;2021-08;2.4
Slovenia;Total;2021-09;1.52
Slovenia;Total;2021-10;1.62
Slovenia;Total;2021-11;1.78
Slovenia;Total;2021-12;1.21
Slovenia;Total;2021-13;2.05
Slovenia;Total;2021-14;0.78
Slovenia;Total;2021-15;1.56
Slovenia;Total;2021-16;3.41
Slovenia;Total;2021-17;0.26
Slovenia;Total;2021-18;0.73
Slovenia;Total;2021-19;1.33
Slovenia;Total;2021-20;1.7
Slovenia;Total;2021-21;1.14
Slovenia;Total;2021-22;2.42
Slovenia;Total;2021-23;1.25
Slovenia;Total;2021-24;1.73
Slovenia;Total;2021-25;1.06
Slovenia;Total;2021-26;1.05
Slovenia;Total;2021-27;-0.77
Slovenia;Total;2021-28;-0.77
Slovenia;Total;2021-29;-1.35
Slovenia;Total;2021-30;0.75
Slovenia;Total;2021-31;-1.48
Slovenia;Total;2021-32;-0.43
Slovenia;Total;2021-33;-1.55
Slovenia;Total;2021-34;-1.47
Slovenia;Total;2021-35;1.8
Slovenia;Total;2021-36;2.2
Slovenia;Total;2021-37;1.4
Slovenia;Total;2021-38;2.04
Slovenia;Total;2021-39;2.36
Slovenia;Total;2021-40;1.22
Slovenia;Total;2021-41;2.79
Slovenia;Total;2021-42;3.45
Slovenia;Total;2021-43;3.01
Slovenia;Total;2021-44;5.99
Slovenia;Total;2021-45;7.32
Slovenia;Total;2021-46;7.32
Slovenia;Total;2021-47;5.33
Slovenia;Total;2021-48;6.9
Slovenia;Total;2021-49;4.57
Slovenia;Total;2021-50;3.27
Slovenia;Total;2021-51;2.49
Slovenia;Total;2021-52;2.94
Slovenia;Total;2022-01;2.04
Slovenia;Total;2022-02;2.68
Slovenia;Total;2022-03;1.53
Slovenia;Total;2022-04;2.3
Slovenia;Total;2022-05;6.37
Slovenia;Total;2022-06;4.8
Slovenia;Total;2022-07;5.41
Slovenia;Total;2022-08;2.14
Slovenia;Total;2022-09;3.12
Slovenia;Total;2022-10;2.77
Slovenia;Total;2022-11;2.39
Slovenia;Total;2022-12;1.35
Slovenia;Total;2022-13;1.52
Slovenia;Total;2022-14;1.48
Slovenia;Total;2022-15;1.83
Slovenia;Total;2022-16;2.27
Slovenia;Total;2022-17;1.23
Slovenia;Total;2022-18;0.31
Slovenia;Total;2022-19;1.01
Slovenia;Total;2022-20;0.88
Slovenia;Total;2022-21;-0.05
Slovenia;Total;2022-22;0.52
Slovenia;Total;2022-23;0.07
Slovenia;Total;2022-24;0.38
Slovenia;Total;2022-25;0.58
Slovenia;Total;2022-26;2.45
Slovenia;Total;2022-27;0.82
Slovenia;Total;2022-28;0.96
Slovenia;Total;2022-29;4.22
Slovenia;Total;2022-30;0.87
Slovenia;Total;2022-31;2.42
Slovenia;Total;2022-32;2.96
Slovenia;Total;2022-33;1.61
Slovenia;Total;2022-34;0.52
Slovenia;Total;2022-35;-1.91
Slovenia;Total;2022-36;-0.82
Slovenia;Total;2022-37;0.77
Slovenia;Total;2022-38;-1.21
Slovenia;Total;2022-39;1.17
Slovenia;Total;2022-40;1.26
Slovenia;Total;2022-41;0.78
Slovenia;Total;2022-42;-0.15
Slovenia;Total;2022-43;-0.31
Slovenia;Total;2022-44;0.18
Slovenia;Total;2022-45;-0.89
Slovenia;Total;2022-46;1.47
Slovenia;Total;2022-47;2.05
Slovenia;Total;2022-48;1.06
Slovenia;Total;2022-49;2.63
Slovenia;Total;2022-50;2.82
Slovenia;Total;2022-51;5.4
Slovenia;Total;2022-52;4.65
Slovenia;Total;2023-01;4.16
Slovenia;Total;2023-02;2.96
Slovenia;Total;2023-03;3.64
Slovenia;Total;2023-04;-0.17
Slovenia;Total;2023-05;1.81
Slovenia;Total;2023-06;-0.22
Slovenia;Total;2023-07;1.93
Slovenia;Total;2023-08;1.54
Slovenia;Total;2023-09;0.49
Slovenia;Total;2023-10;-0.11
Slovenia;Total;2023-11;-0.18
Slovenia;Total;2023-12;1.64
Slovenia;Total;2023-13;-0.53
Slovenia;Total;2023-14;-0.2
Slovenia;Total;2023-15;-0.97
Slovenia;Total;2023-16;0.65
Slovenia;Total;2023-17;-0.34
Slovenia;Total;2023-18;0.35
Slovenia;Total;2023-19;0.95
Slovenia;Total;2023-20;-0.87
Slovenia;Total;2023-21;1.31
Slovenia;Total;2023-22;-0.02
Slovenia;Total;2023-23;-0.66
Slovenia;Total;2023-24;0.2
Slovenia;Total;2023-25;1.98
Slovenia;Total;2023-26;-1.58
Slovenia;Total;2023-27;-0.57
Slovenia;Total;2023-28;1.83
Slovenia;Total;2023-29;-0.47
Slovenia;Total;2023-30;0.32
Slovenia;Total;2023-31;-0.14
Slovenia;Total;2023-32;0.52
Slovenia;Total;2023-33;0.12
Slovenia;Total;2023-34;0.7
Slovenia;Total;2023-35;-1.66
Slovenia;Total;2023-36;-1.51
Slovenia;Total;2023-37;-2.12
Slovenia;Total;2023-38;0.12
Slovenia;Total;2023-39;-1.13
Slovenia;Total;2023-40;-0.98
Slovenia;Total;2023-41;0.51
Slovenia;Total;2023-42;0.51
Slovenia;Total;2023-43;0.6
Slovenia;Total;2023-44;0.43
Slovenia;Total;2023-45;-0.11
Slovenia;Total;2023-46;1.41
Slovenia;Total;2023-47;1.05
Slovenia;Total;2023-48;0.06
Slovenia;Total;2023-49;2.29
Slovenia;Total;2023-50;2.13
Slovenia;Total;2023-51;2.75
Slovenia;Total;2023-52;-0.1
Slovenia;Total;2024-01;1.8
Slovenia;Total;2024-02;0.99
Slovenia;Total;2024-03;2.53
Slovenia;Total;2024-04;2.11
Slovenia;Total;2024-05;1.56
Slovenia;Total;2024-06;4.59
Slovenia;Total;2024-07;2.96
Slovenia;Total;2024-08;1.05
Slovenia;Total;2024-09;0.51
Slovenia;Total;2024-10;0.08
Slovenia;Total;2024-11;-0.03
Slovenia;Total;2024-12;-0.64
Slovenia;Total;2024-13;-0.41
Slovenia;Total;2024-14;-0.82
Slovenia;Total;2024-15;0.07
Slovenia;Total;2024-16;-0.91
Slovenia;Total;2024-17;-0.04
Slovenia;Total;2024-18;-1.56
Slovenia;Total;2024-19;0.31
Slovenia;Total;2024-20;-0.86
Slovenia;Total;2024-21;-1.99
Slovenia;Total;2024-22;-1.26
Slovenia;Total;2024-23;1.3
Slovenia;Total;2024-24;-1.16
Slovenia;Total;2024-25;-0.12
Slovenia;Total;2024-26;-0.35
Slovenia;Total;2024-27;-0.04
Slovenia;Total;2024-28;1.88
Slovenia;Total;2024-29;1.44
Slovenia;Total;2024-30;1.45
Slovenia;Total;2024-31;0.97
Slovenia;Total;2024-32;1.91
Slovenia;Total;2024-33;0.07
Slovenia;Total;2024-34;-2.37
Slovenia;Total;2024-35;2.28
Slovenia;Total;2024-36;-0.99
Slovenia;Total;2024-37;-0.58
Slovenia;Total;2024-38;1.88
Slovenia;Total;2024-39;2.28
Slovenia;Total;2024-40;0.64
Slovenia;Total;2024-41;0.94
Slovenia;Total;2024-42;0.81
Slovenia;Total;2024-43;0.72
Slovenia;Total;2024-44;-1.35
Slovenia;Total;2024-45;0.03
Slovenia;Total;2024-46;0.61
Slovenia;Total;2024-47;0.09
Slovenia;Total;2024-48;-0.03
Slovenia;Total;2024-49;-1.09
Slovenia;Total;2024-50;-2.47
Spain;Total;2018-52;2.79
Spain;Total;2019-01;4.47
Spain;Total;2019-02;7.8
Spain;Total;2019-03;9.45
Spain;Total;2019-04;8.11
Spain;Total;2019-05;7.33
Spain;Total;2019-06;6
Spain;Total;2019-07;4.91
Spain;Total;2019-08;4.41
Spain;Total;2019-09;3.33
Spain;Total;2019-10;2.13
Spain;Total;2019-11;0.39
Spain;Total;2019-12;-0.1
Spain;Total;2019-13;0.7
Spain;Total;2019-14;0.71
Spain;Total;2019-15;0.62
Spain;Total;2019-16;-0.11
Spain;Total;2019-17;0.02
Spain;Total;2019-18;0.18
Spain;Total;2019-19;0.35
Spain;Total;2019-20;-0.29
Spain;Total;2019-21;-0.18
Spain;Total;2019-22;0.74
Spain;Total;2019-23;0.48
Spain;Total;2019-24;-1.55
Spain;Total;2019-25;0.42
Spain;Total;2019-26;1.37
Spain;Total;2019-27;3.98
Spain;Total;2019-28;1.39
Spain;Total;2019-29;0.73
Spain;Total;2019-30;1.46
Spain;Total;2019-31;0.08
Spain;Total;2019-32;1.02
Spain;Total;2019-33;0.06
Spain;Total;2019-34;-0.75
Spain;Total;2019-35;-1.23
Spain;Total;2019-36;-1.02
Spain;Total;2019-37;-1.04
Spain;Total;2019-38;-0.94
Spain;Total;2019-39;-0.92
Spain;Total;2019-40;-1.48
Spain;Total;2019-41;-0.06
Spain;Total;2019-42;-0.15
Spain;Total;2019-43;0.34
Spain;Total;2019-44;0.9
Spain;Total;2019-45;0.56
Spain;Total;2019-46;1.89
Spain;Total;2019-47;2.34
Spain;Total;2019-48;2.5
Spain;Total;2019-49;0.77
Spain;Total;2019-50;2.03
Spain;Total;2019-51;2.09
Spain;Total;2019-52;1.49
Spain;Total;2020-01;2.77
Spain;Total;2020-02;5.35
Spain;Total;2020-03;7.19
Spain;Total;2020-04;7.17
Spain;Total;2020-05;7.17
Spain;Total;2020-06;4.11
Spain;Total;2020-07;2.57
Spain;Total;2020-08;0.71
Spain;Total;2020-09;0.8
Spain;Total;2020-10;1.29
Spain;Total;2020-11;5.48
Spain;Total;2020-12;18.78
Spain;Total;2020-13;43.15
Spain;Total;2020-14;46.67
Spain;Total;2020-15;35.34
Spain;Total;2020-16;21.68
Spain;Total;2020-17;11.19
Spain;Total;2020-18;5.39
Spain;Total;2020-19;3.2
Spain;Total;2020-20;-0.72
Spain;Total;2020-21;0.15
Spain;Total;2020-22;0.17
Spain;Total;2020-23;-1.89
Spain;Total;2020-24;-2.89
Spain;Total;2020-25;-1.73
Spain;Total;2020-26;0.72
Spain;Total;2020-27;1.73
Spain;Total;2020-28;2.25
Spain;Total;2020-29;1.83
Spain;Total;2020-30;2.88
Spain;Total;2020-31;6.31
Spain;Total;2020-32;5.73
Spain;Total;2020-33;4.72
Spain;Total;2020-34;3.48
Spain;Total;2020-35;3.62
Spain;Total;2020-36;2.82
Spain;Total;2020-37;3.86
Spain;Total;2020-38;4.42
Spain;Total;2020-39;3.85
Spain;Total;2020-40;4.09
Spain;Total;2020-41;5.72
Spain;Total;2020-42;5.28
Spain;Total;2020-43;9.17
Spain;Total;2020-44;9.46
Spain;Total;2020-45;12.27
Spain;Total;2020-46;10.43
Spain;Total;2020-47;8.65
Spain;Total;2020-48;7.56
Spain;Total;2020-49;7.22
Spain;Total;2020-50;6.71
Spain;Total;2020-51;5.63
Spain;Total;2020-52;4.21
Spain;Total;2020-53;5.92
Spain;Total;2021-01;9.44
Spain;Total;2021-02;14.58
Spain;Total;2021-03;18.42
Spain;Total;2021-04;17.16
Spain;Total;2021-05;13.1
Spain;Total;2021-06;8.46
Spain;Total;2021-07;5.08
Spain;Total;2021-08;3.29
Spain;Total;2021-09;1.21
Spain;Total;2021-10;0.42
Spain;Total;2021-11;-0.3
Spain;Total;2021-12;0.38
Spain;Total;2021-13;0.55
Spain;Total;2021-14;0.38
Spain;Total;2021-15;0.05
Spain;Total;2021-16;0.8
Spain;Total;2021-17;0.09
Spain;Total;2021-18;1.52
Spain;Total;2021-19;0.16
Spain;Total;2021-20;-0.39
Spain;Total;2021-21;-0.81
Spain;Total;2021-22;-0.71
Spain;Total;2021-23;1.18
Spain;Total;2021-24;1.96
Spain;Total;2021-25;-0.1
Spain;Total;2021-26;1.26
Spain;Total;2021-27;1.42
Spain;Total;2021-28;1.66
Spain;Total;2021-29;5.81
Spain;Total;2021-30;5.61
Spain;Total;2021-31;7.18
Spain;Total;2021-32;7.79
Spain;Total;2021-33;7.48
Spain;Total;2021-34;4.95
Spain;Total;2021-35;3.52
Spain;Total;2021-36;3.38
Spain;Total;2021-37;1.32
Spain;Total;2021-38;0.79
Spain;Total;2021-39;0.98
Spain;Total;2021-40;0.65
Spain;Total;2021-41;0.92
Spain;Total;2021-42;1.19
Spain;Total;2021-43;2.96
Spain;Total;2021-44;0.87
Spain;Total;2021-45;4.68
Spain;Total;2021-46;4.55
Spain;Total;2021-47;4.55
Spain;Total;2021-48;6.46
Spain;Total;2021-49;4.54
Spain;Total;2021-50;6.18
Spain;Total;2021-51;7.19
Spain;Total;2021-52;7.31
Spain;Total;2022-01;6.51
Spain;Total;2022-02;9.22
Spain;Total;2022-03;9.58
Spain;Total;2022-04;10.99
Spain;Total;2022-05;9.71
Spain;Total;2022-06;6.38
Spain;Total;2022-07;3.45
Spain;Total;2022-08;2.27
Spain;Total;2022-09;1
Spain;Total;2022-10;0.65
Spain;Total;2022-11;0.94
Spain;Total;2022-12;1.14
Spain;Total;2022-13;1.24
Spain;Total;2022-14;2.41
Spain;Total;2022-15;2.64
Spain;Total;2022-16;1.61
Spain;Total;2022-17;2.34
Spain;Total;2022-18;2.75
Spain;Total;2022-19;4.44
Spain;Total;2022-20;5.18
Spain;Total;2022-21;2.32
Spain;Total;2022-22;2.28
Spain;Total;2022-23;2.77
Spain;Total;2022-24;8.09
Spain;Total;2022-25;4.98
Spain;Total;2022-26;5.34
Spain;Total;2022-27;7.78
Spain;Total;2022-28;15.47
Spain;Total;2022-29;15.9
Spain;Total;2022-30;11.78
Spain;Total;2022-31;9.67
Spain;Total;2022-32;8.98
Spain;Total;2022-33;3.73
Spain;Total;2022-34;3.95
Spain;Total;2022-35;1.53
Spain;Total;2022-36;1.41
Spain;Total;2022-37;1.21
Spain;Total;2022-38;0
Spain;Total;2022-39;0.27
Spain;Total;2022-40;2.2
Spain;Total;2022-41;1.18
Spain;Total;2022-42;2.55
Spain;Total;2022-43;1.4
Spain;Total;2022-44;-0.37
Spain;Total;2022-45;1.88
Spain;Total;2022-46;2.39
Spain;Total;2022-47;2.47
Spain;Total;2022-48;4.31
Spain;Total;2022-49;6.05
Spain;Total;2022-50;5.75
Spain;Total;2022-51;6.46
Spain;Total;2022-52;5.89
Spain;Total;2023-01;6.47
Spain;Total;2023-02;6.79
Spain;Total;2023-03;5.97
Spain;Total;2023-04;5.22
Spain;Total;2023-05;6.79
Spain;Total;2023-06;7
Spain;Total;2023-07;5.6
Spain;Total;2023-08;4.85
Spain;Total;2023-09;4.85
Spain;Total;2023-10;5.3
Spain;Total;2023-11;2.37
Spain;Total;2023-12;0.26
Spain;Total;2023-13;0.2
Spain;Total;2023-14;-0.57
Spain;Total;2023-15;0.11
Spain;Total;2023-16;-0.38
Spain;Total;2023-17;0.4
Spain;Total;2023-18;-1.7
Spain;Total;2023-19;-1.71
Spain;Total;2023-20;-1.36
Spain;Total;2023-21;-0.08
Spain;Total;2023-22;-0.64
Spain;Total;2023-23;0.1
Spain;Total;2023-24;0.11
Spain;Total;2023-25;-0.37
Spain;Total;2023-26;1.1
Spain;Total;2023-27;-0.05
Spain;Total;2023-28;1.37
Spain;Total;2023-29;2.21
Spain;Total;2023-30;0.67
Spain;Total;2023-31;1.34
Spain;Total;2023-32;1.84
Spain;Total;2023-33;2.27
Spain;Total;2023-34;6.03
Spain;Total;2023-35;2.28
Spain;Total;2023-36;1.11
Spain;Total;2023-37;-0.46
Spain;Total;2023-38;-0.35
Spain;Total;2023-39;0.03
Spain;Total;2023-40;1.39
Spain;Total;2023-41;-0.06
Spain;Total;2023-42;-0.32
Spain;Total;2023-43;-0.1
Spain;Total;2023-44;-0.56
Spain;Total;2023-45;1.23
Spain;Total;2023-46;1.77
Spain;Total;2023-47;0.65
Spain;Total;2023-48;2.31
Spain;Total;2023-49;1.36
Spain;Total;2023-50;3.57
Spain;Total;2023-51;6.5
Spain;Total;2023-52;10.31
Spain;Total;2024-01;13.62
Spain;Total;2024-02;13.1
Spain;Total;2024-03;10.93
Spain;Total;2024-04;5.51
Spain;Total;2024-05;1.29
Spain;Total;2024-06;1.89
Spain;Total;2024-07;0.54
Spain;Total;2024-08;-0.24
Spain;Total;2024-09;-0.12
Spain;Total;2024-10;1.54
Spain;Total;2024-11;1.4
Spain;Total;2024-12;1.03
Spain;Total;2024-13;-1.01
Spain;Total;2024-14;0.47
Spain;Total;2024-15;-0.21
Spain;Total;2024-16;0.15
Spain;Total;2024-17;0.07
Spain;Total;2024-18;-1.07
Spain;Total;2024-19;1.51
Spain;Total;2024-20;-0.32
Spain;Total;2024-21;0.43
Spain;Total;2024-22;1.25
Spain;Total;2024-23;1.66
Spain;Total;2024-24;0.13
Spain;Total;2024-25;0.81
Spain;Total;2024-26;1.76
Spain;Total;2024-27;0.95
Spain;Total;2024-28;2.5
Spain;Total;2024-29;2.5
Spain;Total;2024-30;2.66
Spain;Total;2024-31;4.84
Spain;Total;2024-32;4.34
Spain;Total;2024-33;2
Spain;Total;2024-34;0.18
Spain;Total;2024-35;0.35
Spain;Total;2024-36;-1.2
Spain;Total;2024-37;-1.06
Spain;Total;2024-38;-0.22
Spain;Total;2024-39;-0.43
Spain;Total;2024-40;0.42
Spain;Total;2024-41;0.31
Spain;Total;2024-42;0.07
Spain;Total;2024-43;0.35
Spain;Total;2024-44;1.69
Spain;Total;2024-45;0.78
Spain;Total;2024-46;-0.06
Spain;Total;2024-47;0.19
Spain;Total;2024-48;0.57
Spain;Total;2024-49;-0.49
Spain;Total;2024-50;-3.4
Sweden;Total;2018-52;-2.28
Sweden;Total;2019-01;0.07
Sweden;Total;2019-02;-1.42
Sweden;Total;2019-03;-1.35
Sweden;Total;2019-04;-1.56
Sweden;Total;2019-05;-1.57
Sweden;Total;2019-06;-0.62
Sweden;Total;2019-07;-1.94
Sweden;Total;2019-08;-1
Sweden;Total;2019-09;-1.46
Sweden;Total;2019-10;-2.19
Sweden;Total;2019-11;-0.1
Sweden;Total;2019-12;-2.48
Sweden;Total;2019-13;-1.49
Sweden;Total;2019-14;-0.77
Sweden;Total;2019-15;-1.77
Sweden;Total;2019-16;0.46
Sweden;Total;2019-17;0.47
Sweden;Total;2019-18;-0.54
Sweden;Total;2019-19;0.36
Sweden;Total;2019-20;-0.53
Sweden;Total;2019-21;-1.24
Sweden;Total;2019-22;-0.09
Sweden;Total;2019-23;0.33
Sweden;Total;2019-24;-1.3
Sweden;Total;2019-25;0.46
Sweden;Total;2019-26;0.38
Sweden;Total;2019-27;0.92
Sweden;Total;2019-28;1.25
Sweden;Total;2019-29;0.16
Sweden;Total;2019-30;0.68
Sweden;Total;2019-31;0.26
Sweden;Total;2019-32;1.04
Sweden;Total;2019-33;-0.07
Sweden;Total;2019-34;0.47
Sweden;Total;2019-35;1.87
Sweden;Total;2019-36;-1.72
Sweden;Total;2019-37;0.02
Sweden;Total;2019-38;-0.68
Sweden;Total;2019-39;0.66
Sweden;Total;2019-40;0.08
Sweden;Total;2019-41;0.02
Sweden;Total;2019-42;-1.14
Sweden;Total;2019-43;0.13
Sweden;Total;2019-44;-1.59
Sweden;Total;2019-45;-0.94
Sweden;Total;2019-46;-1.86
Sweden;Total;2019-47;-1.62
Sweden;Total;2019-48;-2.34
Sweden;Total;2019-49;-2.17
Sweden;Total;2019-50;-2.46
Sweden;Total;2019-51;-1.27
Sweden;Total;2019-52;-2.65
Sweden;Total;2020-01;-1.4
Sweden;Total;2020-02;-0.69
Sweden;Total;2020-03;-1.41
Sweden;Total;2020-04;-2.77
Sweden;Total;2020-05;-1.19
Sweden;Total;2020-06;-2.59
Sweden;Total;2020-07;-1.19
Sweden;Total;2020-08;-1.64
Sweden;Total;2020-09;-1.37
Sweden;Total;2020-10;-0.5
Sweden;Total;2020-11;-1.61
Sweden;Total;2020-12;0.61
Sweden;Total;2020-13;3.37
Sweden;Total;2020-14;8.32
Sweden;Total;2020-15;11.26
Sweden;Total;2020-16;11.18
Sweden;Total;2020-17;8.36
Sweden;Total;2020-18;8.37
Sweden;Total;2020-19;8.08
Sweden;Total;2020-20;5.98
Sweden;Total;2020-21;5.42
Sweden;Total;2020-22;1.53
Sweden;Total;2020-23;3.41
Sweden;Total;2020-24;3.32
Sweden;Total;2020-25;2.72
Sweden;Total;2020-26;2.69
Sweden;Total;2020-27;1.26
Sweden;Total;2020-28;1.4
Sweden;Total;2020-29;0.66
Sweden;Total;2020-30;0.84
Sweden;Total;2020-31;1.05
Sweden;Total;2020-32;1.32
Sweden;Total;2020-33;0.34
Sweden;Total;2020-34;1.06
Sweden;Total;2020-35;-0.52
Sweden;Total;2020-36;-0.34
Sweden;Total;2020-37;-0.52
Sweden;Total;2020-38;-1.05
Sweden;Total;2020-39;-0.67
Sweden;Total;2020-40;-1.14
Sweden;Total;2020-41;-1.71
Sweden;Total;2020-42;-1.01
Sweden;Total;2020-43;-2.27
Sweden;Total;2020-44;-0.73
Sweden;Total;2020-45;-1.34
Sweden;Total;2020-46;0.95
Sweden;Total;2020-47;2.22
Sweden;Total;2020-48;1.39
Sweden;Total;2020-49;3.47
Sweden;Total;2020-50;2.93
Sweden;Total;2020-51;4.9
Sweden;Total;2020-52;4.89
Sweden;Total;2020-53;5.22
Sweden;Total;2021-01;4.42
Sweden;Total;2021-02;3.97
Sweden;Total;2021-03;3.49
Sweden;Total;2021-04;1.52
Sweden;Total;2021-05;-1.24
Sweden;Total;2021-06;-0.83
Sweden;Total;2021-07;-0.92
Sweden;Total;2021-08;-1.17
Sweden;Total;2021-09;-2.83
Sweden;Total;2021-10;-0.78
Sweden;Total;2021-11;-2.08
Sweden;Total;2021-12;-1.25
Sweden;Total;2021-13;-1.42
Sweden;Total;2021-14;-0.69
Sweden;Total;2021-15;-0.78
Sweden;Total;2021-16;0.05
Sweden;Total;2021-17;-0.47
Sweden;Total;2021-18;0.76
Sweden;Total;2021-19;0.83
Sweden;Total;2021-20;-0.53
Sweden;Total;2021-21;-0.79
Sweden;Total;2021-22;-0.63
Sweden;Total;2021-23;-0.37
Sweden;Total;2021-24;-0.64
Sweden;Total;2021-25;-0.25
Sweden;Total;2021-26;-0.04
Sweden;Total;2021-27;0.59
Sweden;Total;2021-28;1.21
Sweden;Total;2021-29;0.68
Sweden;Total;2021-30;1.83
Sweden;Total;2021-31;0.05
Sweden;Total;2021-32;1.27
Sweden;Total;2021-33;0.59
Sweden;Total;2021-34;0.77
Sweden;Total;2021-35;0.53
Sweden;Total;2021-36;0.96
Sweden;Total;2021-37;1.17
Sweden;Total;2021-38;0.3
Sweden;Total;2021-39;0.61
Sweden;Total;2021-40;-0.65
Sweden;Total;2021-41;-0.6
Sweden;Total;2021-42;-0.48
Sweden;Total;2021-43;-0.81
Sweden;Total;2021-44;0.12
Sweden;Total;2021-45;-0.97
Sweden;Total;2021-46;-1.3
Sweden;Total;2021-47;-2.44
Sweden;Total;2021-48;-1.83
Sweden;Total;2021-49;-1.89
Sweden;Total;2021-50;-2.52
Sweden;Total;2021-51;-0.45
Sweden;Total;2021-52;0.41
Sweden;Total;2022-01;1.14
Sweden;Total;2022-02;0.57
Sweden;Total;2022-03;0.02
Sweden;Total;2022-04;0.87
Sweden;Total;2022-05;2.22
Sweden;Total;2022-06;0.41
Sweden;Total;2022-07;1.41
Sweden;Total;2022-08;0.6
Sweden;Total;2022-09;0.24
Sweden;Total;2022-10;-1.42
Sweden;Total;2022-11;-1.27
Sweden;Total;2022-12;-1.31
Sweden;Total;2022-13;-0.97
Sweden;Total;2022-14;-0.12
Sweden;Total;2022-15;-1.75
Sweden;Total;2022-16;-1.54
Sweden;Total;2022-17;-1.36
Sweden;Total;2022-18;-1.49
Sweden;Total;2022-19;-2.64
Sweden;Total;2022-20;0.98
Sweden;Total;2022-21;-0.62
Sweden;Total;2022-22;0.07
Sweden;Total;2022-23;0
Sweden;Total;2022-24;0.94
Sweden;Total;2022-25;1.78
Sweden;Total;2022-26;2.23
Sweden;Total;2022-27;1.66
Sweden;Total;2022-28;0.23
Sweden;Total;2022-29;2.98
Sweden;Total;2022-30;2
Sweden;Total;2022-31;2.29
Sweden;Total;2022-32;2.8
Sweden;Total;2022-33;2.14
Sweden;Total;2022-34;1.46
Sweden;Total;2022-35;-0.27
Sweden;Total;2022-36;0.59
Sweden;Total;2022-37;2.1
Sweden;Total;2022-38;1.56
Sweden;Total;2022-39;1.95
Sweden;Total;2022-40;1.24
Sweden;Total;2022-41;-0.08
Sweden;Total;2022-42;-1.34
Sweden;Total;2022-43;-1.36
Sweden;Total;2022-44;-2.35
Sweden;Total;2022-45;-1.83
Sweden;Total;2022-46;-1.12
Sweden;Total;2022-47;-0.49
Sweden;Total;2022-48;-1.47
Sweden;Total;2022-49;0.56
Sweden;Total;2022-50;3.48
Sweden;Total;2022-51;4.62
Sweden;Total;2022-52;4.53
Sweden;Total;2023-01;5.1
Sweden;Total;2023-02;2.34
Sweden;Total;2023-03;0.62
Sweden;Total;2023-04;-1.23
Sweden;Total;2023-05;-1.73
Sweden;Total;2023-06;-2.27
Sweden;Total;2023-07;-2.38
Sweden;Total;2023-08;-2.08
Sweden;Total;2023-09;-1.12
Sweden;Total;2023-10;-0.81
Sweden;Total;2023-11;-1
Sweden;Total;2023-12;-1.39
Sweden;Total;2023-13;-0.84
Sweden;Total;2023-14;-0.72
Sweden;Total;2023-15;0.26
Sweden;Total;2023-16;1.1
Sweden;Total;2023-17;1.07
Sweden;Total;2023-18;-0.05
Sweden;Total;2023-19;-0.62
Sweden;Total;2023-20;0.41
Sweden;Total;2023-21;-0.73
Sweden;Total;2023-22;0.04
Sweden;Total;2023-23;1.13
Sweden;Total;2023-24;0.64
Sweden;Total;2023-25;1.04
Sweden;Total;2023-26;-0.04
Sweden;Total;2023-27;0.65
Sweden;Total;2023-28;-0.16
Sweden;Total;2023-29;0.04
Sweden;Total;2023-30;1.16
Sweden;Total;2023-31;0.06
Sweden;Total;2023-32;0.44
Sweden;Total;2023-33;0.52
Sweden;Total;2023-34;0.37
Sweden;Total;2023-35;-0.77
Sweden;Total;2023-36;2.25
Sweden;Total;2023-37;-0.51
Sweden;Total;2023-38;0.12
Sweden;Total;2023-39;-0.96
Sweden;Total;2023-40;-0.65
Sweden;Total;2023-41;1.8
Sweden;Total;2023-42;0.66
Sweden;Total;2023-43;1.04
Sweden;Total;2023-44;2.49
Sweden;Total;2023-45;1.03
Sweden;Total;2023-46;1.85
Sweden;Total;2023-47;2.66
Sweden;Total;2023-48;1.78
Sweden;Total;2023-49;0.81
Sweden;Total;2023-50;2.3
Sweden;Total;2023-51;3
Sweden;Total;2023-52;1.97
Sweden;Total;2024-01;1.21
Sweden;Total;2024-02;0.9
Sweden;Total;2024-03;0.08
Sweden;Total;2024-04;-1.18
Sweden;Total;2024-05;-1.78
Sweden;Total;2024-06;-2.2
Sweden;Total;2024-07;-1.87
Sweden;Total;2024-08;-2.06
Sweden;Total;2024-09;-2.32
Sweden;Total;2024-10;-2.74
Sweden;Total;2024-11;-2.1
Sweden;Total;2024-12;-1.83
Sweden;Total;2024-13;-2.19
Sweden;Total;2024-14;-1.59
Sweden;Total;2024-15;-1.37
Sweden;Total;2024-16;-2.04
Sweden;Total;2024-17;0.15
Sweden;Total;2024-18;-1.26
Sweden;Total;2024-19;-1.86
Sweden;Total;2024-20;-0.73
Sweden;Total;2024-21;-0.64
Sweden;Total;2024-22;-0.15
Sweden;Total;2024-23;-1.72
Sweden;Total;2024-24;0.54
Sweden;Total;2024-25;1.07
Sweden;Total;2024-26;1.89
Sweden;Total;2024-27;0.3
Sweden;Total;2024-28;1.42
Sweden;Total;2024-29;0.35
Sweden;Total;2024-30;2.45
Sweden;Total;2024-31;1.35
Sweden;Total;2024-32;1.56
Sweden;Total;2024-33;1.52
Sweden;Total;2024-34;1.06
Sweden;Total;2024-35;0.78
Sweden;Total;2024-36;0.91
Sweden;Total;2024-37;-0.4
Sweden;Total;2024-38;0.43
Sweden;Total;2024-39;0.57
Sweden;Total;2024-40;0.08
Sweden;Total;2024-41;1.4
Sweden;Total;2024-42;0.41
Sweden;Total;2024-43;-0.81
Sweden;Total;2024-44;-0.85
Sweden;Total;2024-45;-1.3
Sweden;Total;2024-46;-1.53
Sweden;Total;2024-47;-0.83
Sweden;Total;2024-48;-1.17
Sweden;Total;2024-49;-0.89
Sweden;Total;2024-50;0.17
Switzerland;Total;2018-52;-0.21
Switzerland;Total;2019-01;-0.42
Switzerland;Total;2019-02;0.46
Switzerland;Total;2019-03;-0.12
Switzerland;Total;2019-04;0.75
Switzerland;Total;2019-05;1.49
Switzerland;Total;2019-06;2.36
Switzerland;Total;2019-07;3.85
Switzerland;Total;2019-08;3.53
Switzerland;Total;2019-09;3.71
Switzerland;Total;2019-10;2.55
Switzerland;Total;2019-11;1.32
Switzerland;Total;2019-12;1.02
Switzerland;Total;2019-13;0.7
Switzerland;Total;2019-14;2.18
Switzerland;Total;2019-15;-0.93
Switzerland;Total;2019-16;1.18
Switzerland;Total;2019-17;-0.21
Switzerland;Total;2019-18;0.57
Switzerland;Total;2019-19;1.04
Switzerland;Total;2019-20;0.22
Switzerland;Total;2019-21;1.59
Switzerland;Total;2019-22;1.18
Switzerland;Total;2019-23;1.5
Switzerland;Total;2019-24;-0.12
Switzerland;Total;2019-25;0.85
Switzerland;Total;2019-26;1.64
Switzerland;Total;2019-27;2.02
Switzerland;Total;2019-28;1.37
Switzerland;Total;2019-29;0.87
Switzerland;Total;2019-30;2.06
Switzerland;Total;2019-31;-0.74
Switzerland;Total;2019-32;-0.82
Switzerland;Total;2019-33;-0.88
Switzerland;Total;2019-34;1.47
Switzerland;Total;2019-35;-1.14
Switzerland;Total;2019-36;-0.8
Switzerland;Total;2019-37;0.8
Switzerland;Total;2019-38;1.5
Switzerland;Total;2019-39;-0.05
Switzerland;Total;2019-40;-0.39
Switzerland;Total;2019-41;0.3
Switzerland;Total;2019-42;0.5
Switzerland;Total;2019-43;0.42
Switzerland;Total;2019-44;-1.65
Switzerland;Total;2019-45;-0.94
Switzerland;Total;2019-46;0.82
Switzerland;Total;2019-47;-0.05
Switzerland;Total;2019-48;0.62
Switzerland;Total;2019-49;-2.74
Switzerland;Total;2019-50;0.15
Switzerland;Total;2019-51;0.66
Switzerland;Total;2019-52;-0.86
Switzerland;Total;2020-01;-1.25
Switzerland;Total;2020-02;-0.29
Switzerland;Total;2020-03;0.68
Switzerland;Total;2020-04;0.67
Switzerland;Total;2020-05;0.93
Switzerland;Total;2020-06;0.42
Switzerland;Total;2020-07;0.32
Switzerland;Total;2020-08;0.16
Switzerland;Total;2020-09;0
Switzerland;Total;2020-10;0.28
Switzerland;Total;2020-11;1.28
Switzerland;Total;2020-12;4.17
Switzerland;Total;2020-13;6.42
Switzerland;Total;2020-14;11.43
Switzerland;Total;2020-15;7.39
Switzerland;Total;2020-16;6.36
Switzerland;Total;2020-17;2.56
Switzerland;Total;2020-18;0.01
Switzerland;Total;2020-19;-1.19
Switzerland;Total;2020-20;-1.67
Switzerland;Total;2020-21;-0.62
Switzerland;Total;2020-22;-2.4
Switzerland;Total;2020-23;-0.68
Switzerland;Total;2020-24;-0.97
Switzerland;Total;2020-25;-0.9
Switzerland;Total;2020-26;-0.13
Switzerland;Total;2020-27;-0.09
Switzerland;Total;2020-28;-0.13
Switzerland;Total;2020-29;-1.52
Switzerland;Total;2020-30;-0.62
Switzerland;Total;2020-31;2.07
Switzerland;Total;2020-32;-0.38
Switzerland;Total;2020-33;0.78
Switzerland;Total;2020-34;0.36
Switzerland;Total;2020-35;-0.86
Switzerland;Total;2020-36;-1.16
Switzerland;Total;2020-37;0.64
Switzerland;Total;2020-38;0.02
Switzerland;Total;2020-39;0.08
Switzerland;Total;2020-40;-0.41
Switzerland;Total;2020-41;1.25
Switzerland;Total;2020-42;0.01
Switzerland;Total;2020-43;3.94
Switzerland;Total;2020-44;7.9
Switzerland;Total;2020-45;14.48
Switzerland;Total;2020-46;15.45
Switzerland;Total;2020-47;15.26
Switzerland;Total;2020-48;14.22
Switzerland;Total;2020-49;14.99
Switzerland;Total;2020-50;15.24
Switzerland;Total;2020-51;14.46
Switzerland;Total;2020-52;13.33
Switzerland;Total;2020-53;10.78
Switzerland;Total;2021-01;8.98
Switzerland;Total;2021-02;6.99
Switzerland;Total;2021-03;6.47
Switzerland;Total;2021-04;3.92
Switzerland;Total;2021-05;0.91
Switzerland;Total;2021-06;0.43
Switzerland;Total;2021-07;-1.51
Switzerland;Total;2021-08;-1.13
Switzerland;Total;2021-09;-1.59
Switzerland;Total;2021-10;-1.27
Switzerland;Total;2021-11;-2.27
Switzerland;Total;2021-12;-1.19
Switzerland;Total;2021-13;-1.5
Switzerland;Total;2021-14;-0.92
Switzerland;Total;2021-15;-0.79
Switzerland;Total;2021-16;-0.58
Switzerland;Total;2021-17;0.22
Switzerland;Total;2021-18;-0.81
Switzerland;Total;2021-19;0.33
Switzerland;Total;2021-20;-0.99
Switzerland;Total;2021-21;-0.41
Switzerland;Total;2021-22;0.04
Switzerland;Total;2021-23;-2.22
Switzerland;Total;2021-24;-0.07
Switzerland;Total;2021-25;-0.22
Switzerland;Total;2021-26;-0.16
Switzerland;Total;2021-27;-0.6
Switzerland;Total;2021-28;-0.28
Switzerland;Total;2021-29;0.6
Switzerland;Total;2021-30;-0.8
Switzerland;Total;2021-31;-0.82
Switzerland;Total;2021-32;2.32
Switzerland;Total;2021-33;0.81
Switzerland;Total;2021-34;0.39
Switzerland;Total;2021-35;2.32
Switzerland;Total;2021-36;2.08
Switzerland;Total;2021-37;2.1
Switzerland;Total;2021-38;0.96
Switzerland;Total;2021-39;0.84
Switzerland;Total;2021-40;-0.76
Switzerland;Total;2021-41;0.28
Switzerland;Total;2021-42;0.55
Switzerland;Total;2021-43;1.03
Switzerland;Total;2021-44;-0.48
Switzerland;Total;2021-45;1.59
Switzerland;Total;2021-46;3.13
Switzerland;Total;2021-47;4.35
Switzerland;Total;2021-48;6.43
Switzerland;Total;2021-49;7.56
Switzerland;Total;2021-50;5.96
Switzerland;Total;2021-51;3.68
Switzerland;Total;2021-52;4.35
Switzerland;Total;2022-01;2.38
Switzerland;Total;2022-02;1.89
Switzerland;Total;2022-03;1.38
Switzerland;Total;2022-04;1.18
Switzerland;Total;2022-05;1.28
Switzerland;Total;2022-06;1.22
Switzerland;Total;2022-07;3.37
Switzerland;Total;2022-08;1.16
Switzerland;Total;2022-09;1.86
Switzerland;Total;2022-10;2.37
Switzerland;Total;2022-11;3.8
Switzerland;Total;2022-12;4.3
Switzerland;Total;2022-13;4.42
Switzerland;Total;2022-14;3.07
Switzerland;Total;2022-15;0.79
Switzerland;Total;2022-16;1.7
Switzerland;Total;2022-17;0.2
Switzerland;Total;2022-18;-0.05
Switzerland;Total;2022-19;-0.47
Switzerland;Total;2022-20;0.83
Switzerland;Total;2022-21;-0.67
Switzerland;Total;2022-22;-0.62
Switzerland;Total;2022-23;-0.28
Switzerland;Total;2022-24;2.97
Switzerland;Total;2022-25;3.66
Switzerland;Total;2022-26;2.99
Switzerland;Total;2022-27;2.83
Switzerland;Total;2022-28;3.23
Switzerland;Total;2022-29;5.91
Switzerland;Total;2022-30;6.23
Switzerland;Total;2022-31;3.16
Switzerland;Total;2022-32;2.6
Switzerland;Total;2022-33;2.01
Switzerland;Total;2022-34;2.03
Switzerland;Total;2022-35;-0.34
Switzerland;Total;2022-36;0.18
Switzerland;Total;2022-37;0.81
Switzerland;Total;2022-38;-1.17
Switzerland;Total;2022-39;3.85
Switzerland;Total;2022-40;2.59
Switzerland;Total;2022-41;2.9
Switzerland;Total;2022-42;0.82
Switzerland;Total;2022-43;2.12
Switzerland;Total;2022-44;0.8
Switzerland;Total;2022-45;0.71
Switzerland;Total;2022-46;1.16
Switzerland;Total;2022-47;1.96
Switzerland;Total;2022-48;3.2
Switzerland;Total;2022-49;4.18
Switzerland;Total;2022-50;5.03
Switzerland;Total;2022-51;6.59
Switzerland;Total;2022-52;4.69
Switzerland;Total;2023-01;4.26
Switzerland;Total;2023-02;1.89
Switzerland;Total;2023-03;1.52
Switzerland;Total;2023-04;0.52
Switzerland;Total;2023-05;-1.05
Switzerland;Total;2023-06;-0.57
Switzerland;Total;2023-07;0.18
Switzerland;Total;2023-08;-0.53
Switzerland;Total;2023-09;0.53
Switzerland;Total;2023-10;1.64
Switzerland;Total;2023-11;1.29
Switzerland;Total;2023-12;1.1
Switzerland;Total;2023-13;-0.34
Switzerland;Total;2023-14;-0.21
Switzerland;Total;2023-15;0.09
Switzerland;Total;2023-16;0
Switzerland;Total;2023-17;1.67
Switzerland;Total;2023-18;0.88
Switzerland;Total;2023-19;-0.65
Switzerland;Total;2023-20;-1.13
Switzerland;Total;2023-21;-0.39
Switzerland;Total;2023-22;-0.85
Switzerland;Total;2023-23;-0.22
Switzerland;Total;2023-24;-0.97
Switzerland;Total;2023-25;-0.69
Switzerland;Total;2023-26;-0.06
Switzerland;Total;2023-27;-1.07
Switzerland;Total;2023-28;0.67
Switzerland;Total;2023-29;0.8
Switzerland;Total;2023-30;-0.23
Switzerland;Total;2023-31;0.08
Switzerland;Total;2023-32;0.27
Switzerland;Total;2023-33;2.77
Switzerland;Total;2023-34;3.07
Switzerland;Total;2023-35;-0.14
Switzerland;Total;2023-36;1.8
Switzerland;Total;2023-37;-0.09
Switzerland;Total;2023-38;-1.63
Switzerland;Total;2023-39;-1.18
Switzerland;Total;2023-40;-0.14
Switzerland;Total;2023-41;-0.27
Switzerland;Total;2023-42;1.59
Switzerland;Total;2023-43;2.22
Switzerland;Total;2023-44;1.28
Switzerland;Total;2023-45;2.48
Switzerland;Total;2023-46;3.44
Switzerland;Total;2023-47;2.51
Switzerland;Total;2023-48;4.22
Switzerland;Total;2023-49;3.81
Switzerland;Total;2023-50;2.64
Switzerland;Total;2023-51;2.4
Switzerland;Total;2023-52;1.43
Switzerland;Total;2024-01;1.18
Switzerland;Total;2024-02;1.77
Switzerland;Total;2024-03;1.04
Switzerland;Total;2024-04;1.09
Switzerland;Total;2024-05;-0.31
Switzerland;Total;2024-06;1.38
Switzerland;Total;2024-07;0.07
Switzerland;Total;2024-08;0.76
Switzerland;Total;2024-09;0.46
Switzerland;Total;2024-10;0.34
Switzerland;Total;2024-11;0.77
Switzerland;Total;2024-12;-2.09
Switzerland;Total;2024-13;-2.16
Switzerland;Total;2024-14;-1.27
Switzerland;Total;2024-15;-0.42
Switzerland;Total;2024-16;-0.58
Switzerland;Total;2024-17;1
Switzerland;Total;2024-18;0.97
Switzerland;Total;2024-19;-0.57
Switzerland;Total;2024-20;-1.79
Switzerland;Total;2024-21;-0.9
Switzerland;Total;2024-22;-0.75
Switzerland;Total;2024-23;0.07
Switzerland;Total;2024-24;-0.57
Switzerland;Total;2024-25;0.75
Switzerland;Total;2024-26;1.72
Switzerland;Total;2024-27;0.66
Switzerland;Total;2024-28;0.78
Switzerland;Total;2024-29;0.81
Switzerland;Total;2024-30;0.94
Switzerland;Total;2024-31;1.01
Switzerland;Total;2024-32;1.03
Switzerland;Total;2024-33;1.82
Switzerland;Total;2024-34;0.22
Switzerland;Total;2024-35;1.6
Switzerland;Total;2024-36;-0.48
Switzerland;Total;2024-37;-0.09
Switzerland;Total;2024-38;0.49
Switzerland;Total;2024-39;0.45
Switzerland;Total;2024-40;1.46
Switzerland;Total;2024-41;0.76
Switzerland;Total;2024-42;-0.3
Switzerland;Total;2024-43;-1.16
Switzerland;Total;2024-44;-0.03
Switzerland;Total;2024-45;-1.17
Switzerland;Total;2024-46;-0.87
Switzerland;Total;2024-47;0.32
Switzerland;Total;2024-48;-0.06
Switzerland;Total;2024-49;-0.89
Switzerland;Total;2024-50;-0.51
UK (England);Total;2018-52;-0.45
UK (England);Total;2019-01;0.18
UK (England);Total;2019-02;0.61
UK (England);Total;2019-03;0.55
UK (England);Total;2019-04;0.69
UK (England);Total;2019-05;0.98
UK (England);Total;2019-06;1.51
UK (England);Total;2019-07;0.5
UK (England);Total;2019-08;-0.33
UK (England);Total;2019-09;-0.3
UK (England);Total;2019-10;-0.94
UK (England);Total;2019-11;-1.06
UK (England);Total;2019-12;-1.58
UK (England);Total;2019-13;-2.04
UK (England);Total;2019-14;-0.29
UK (England);Total;2019-15;-0.02
UK (England);Total;2019-16;0.82
UK (England);Total;2019-17;0.04
UK (England);Total;2019-18;-0.95
UK (England);Total;2019-19;-0.66
UK (England);Total;2019-20;-0.03
UK (England);Total;2019-21;0.49
UK (England);Total;2019-22;-0.28
UK (England);Total;2019-23;-0.81
UK (England);Total;2019-24;-0.05
UK (England);Total;2019-25;-0.21
UK (England);Total;2019-26;0.04
UK (England);Total;2019-27;0.01
UK (England);Total;2019-28;-0.39
UK (England);Total;2019-29;-0.51
UK (England);Total;2019-30;1.43
UK (England);Total;2019-31;-0.29
UK (England);Total;2019-32;-0.84
UK (England);Total;2019-33;-0.93
UK (England);Total;2019-34;-0.2
UK (England);Total;2019-35;-0.32
UK (England);Total;2019-36;-1.16
UK (England);Total;2019-37;-0.25
UK (England);Total;2019-38;-0.56
UK (England);Total;2019-39;-0.37
UK (England);Total;2019-40;-0.45
UK (England);Total;2019-41;0.38
UK (England);Total;2019-42;-0.14
UK (England);Total;2019-43;-0.16
UK (England);Total;2019-44;0.44
UK (England);Total;2019-45;-0.29
UK (England);Total;2019-46;0.29
UK (England);Total;2019-47;0.9
UK (England);Total;2019-48;-0.52
UK (England);Total;2019-49;0.56
UK (England);Total;2019-50;1.12
UK (England);Total;2019-51;2.45
UK (England);Total;2019-52;1.95
UK (England);Total;2020-01;2.31
UK (England);Total;2020-02;1.52
UK (England);Total;2020-03;-0.13
UK (England);Total;2020-04;-0.66
UK (England);Total;2020-05;-0.87
UK (England);Total;2020-06;-1.13
UK (England);Total;2020-07;-0.88
UK (England);Total;2020-08;-0.98
UK (England);Total;2020-09;-0.65
UK (England);Total;2020-10;-0.15
UK (England);Total;2020-11;-0.3
UK (England);Total;2020-12;2.57
UK (England);Total;2020-13;8.65
UK (England);Total;2020-14;19.34
UK (England);Total;2020-15;24.65
UK (England);Total;2020-16;21.31
UK (England);Total;2020-17;17.21
UK (England);Total;2020-18;11.8
UK (England);Total;2020-19;7.99
UK (England);Total;2020-20;4.49
UK (England);Total;2020-21;3.08
UK (England);Total;2020-22;1.45
UK (England);Total;2020-23;0.79
UK (England);Total;2020-24;0.03
UK (England);Total;2020-25;-0.63
UK (England);Total;2020-26;0.66
UK (England);Total;2020-27;-1.69
UK (England);Total;2020-28;-1.35
UK (England);Total;2020-29;-0.55
UK (England);Total;2020-30;-0.75
UK (England);Total;2020-31;-0.81
UK (England);Total;2020-32;-0.35
UK (England);Total;2020-33;1.92
UK (England);Total;2020-34;-2.13
UK (England);Total;2020-35;-1.85
UK (England);Total;2020-36;-0.88
UK (England);Total;2020-37;-1.22
UK (England);Total;2020-38;-0.49
UK (England);Total;2020-39;-0.61
UK (England);Total;2020-40;0.29
UK (England);Total;2020-41;-0.07
UK (England);Total;2020-42;0.73
UK (England);Total;2020-43;1.42
UK (England);Total;2020-44;2.19
UK (England);Total;2020-45;2.74
UK (England);Total;2020-46;3.18
UK (England);Total;2020-47;2.99
UK (England);Total;2020-48;2.94
UK (England);Total;2020-49;2.9
UK (England);Total;2020-50;3.58
UK (England);Total;2020-51;3.3
UK (England);Total;2020-52;5.04
UK (England);Total;2020-53;6.89
UK (England);Total;2021-01;10.87
UK (England);Total;2021-02;14.01
UK (England);Total;2021-03;14.17
UK (England);Total;2021-04;11.58
UK (England);Total;2021-05;7.38
UK (England);Total;2021-06;4.77
UK (England);Total;2021-07;3.55
UK (England);Total;2021-08;-0.44
UK (England);Total;2021-09;-1.73
UK (England);Total;2021-10;-1.68
UK (England);Total;2021-11;-2.87
UK (England);Total;2021-12;-3.21
UK (England);Total;2021-13;-3.27
UK (England);Total;2021-14;-2.94
UK (England);Total;2021-15;-2.41
UK (England);Total;2021-16;-2.35
UK (England);Total;2021-17;-2.25
UK (England);Total;2021-18;-1.5
UK (England);Total;2021-19;-1.5
UK (England);Total;2021-20;-1.71
UK (England);Total;2021-21;-1.08
UK (England);Total;2021-22;-0.78
UK (England);Total;2021-23;-1.41
UK (England);Total;2021-24;-0.71
UK (England);Total;2021-25;-0.63
UK (England);Total;2021-26;0.49
UK (England);Total;2021-27;0.89
UK (England);Total;2021-28;1.08
UK (England);Total;2021-29;4.07
UK (England);Total;2021-30;1.46
UK (England);Total;2021-31;1.26
UK (England);Total;2021-32;1.65
UK (England);Total;2021-33;1.5
UK (England);Total;2021-34;0.98
UK (England);Total;2021-35;2.07
UK (England);Total;2021-36;3.82
UK (England);Total;2021-37;1.2
UK (England);Total;2021-38;0.86
UK (England);Total;2021-39;1.12
UK (England);Total;2021-40;2.14
UK (England);Total;2021-41;1.69
UK (England);Total;2021-42;1.96
UK (England);Total;2021-43;2.51
UK (England);Total;2021-44;2.02
UK (England);Total;2021-45;1.97
UK (England);Total;2021-46;0.59
UK (England);Total;2021-47;0.93
UK (England);Total;2021-48;2.76
UK (England);Total;2021-49;2.3
UK (England);Total;2021-50;0.93
UK (England);Total;2021-51;1.37
UK (England);Total;2021-52;2.24
UK (England);Total;2022-01;0.88
UK (England);Total;2022-02;1.08
UK (England);Total;2022-03;-0.09
UK (England);Total;2022-04;0.19
UK (England);Total;2022-05;-0.12
UK (England);Total;2022-06;-0.83
UK (England);Total;2022-07;-0.48
UK (England);Total;2022-08;-1.19
UK (England);Total;2022-09;-0.88
UK (England);Total;2022-10;-0.16
UK (England);Total;2022-11;-0.54
UK (England);Total;2022-12;-0.05
UK (England);Total;2022-13;1.33
UK (England);Total;2022-14;2.57
UK (England);Total;2022-15;2.25
UK (England);Total;2022-16;0.85
UK (England);Total;2022-17;1.13
UK (England);Total;2022-18;1.35
UK (England);Total;2022-19;0.78
UK (England);Total;2022-20;0.13
UK (England);Total;2022-21;-0.2
UK (England);Total;2022-22;0.34
UK (England);Total;2022-23;1.01
UK (England);Total;2022-24;2.26
UK (England);Total;2022-25;1.16
UK (England);Total;2022-26;1.51
UK (England);Total;2022-27;2.7
UK (England);Total;2022-28;3.15
UK (England);Total;2022-29;5.86
UK (England);Total;2022-30;1.66
UK (England);Total;2022-31;0.85
UK (England);Total;2022-32;4.15
UK (England);Total;2022-33;1.94
UK (England);Total;2022-34;-0.07
UK (England);Total;2022-35;0.25
UK (England);Total;2022-36;-0.37
UK (England);Total;2022-37;-0.36
UK (England);Total;2022-38;0.93
UK (England);Total;2022-39;2.38
UK (England);Total;2022-40;2.54
UK (England);Total;2022-41;2.6
UK (England);Total;2022-42;2.19
UK (England);Total;2022-43;0.88
UK (England);Total;2022-44;0.23
UK (England);Total;2022-45;0.78
UK (England);Total;2022-46;-0.48
UK (England);Total;2022-47;1.03
UK (England);Total;2022-48;0.67
UK (England);Total;2022-49;3.24
UK (England);Total;2022-50;6.39
UK (England);Total;2022-51;10.27
UK (England);Total;2022-52;9.62
UK (England);Total;2023-01;6.65
UK (England);Total;2023-02;3.4
UK (England);Total;2023-03;1.44
UK (England);Total;2023-04;1.06
UK (England);Total;2023-05;0.11
UK (England);Total;2023-06;-0.13
UK (England);Total;2023-07;-0.1
UK (England);Total;2023-08;-0.26
UK (England);Total;2023-09;-0.59
UK (England);Total;2023-10;1.41
UK (England);Total;2023-11;1.24
UK (England);Total;2023-12;0.33
UK (England);Total;2023-13;0.38
UK (England);Total;2023-14;-0.29
UK (England);Total;2023-15;0.49
UK (England);Total;2023-16;0.58
UK (England);Total;2023-17;0.29
UK (England);Total;2023-18;0.34
UK (England);Total;2023-19;-0.68
UK (England);Total;2023-20;-0.64
UK (England);Total;2023-21;0.2
UK (England);Total;2023-22;-0.42
UK (England);Total;2023-23;0.66
UK (England);Total;2023-24;1.46
UK (England);Total;2023-25;0.04
UK (England);Total;2023-26;-1.11
UK (England);Total;2023-27;-0.54
UK (England);Total;2023-28;-0.96
UK (England);Total;2023-29;-1.28
UK (England);Total;2023-30;0.2
UK (England);Total;2023-31;-0.35
UK (England);Total;2023-32;1.08
UK (England);Total;2023-33;-0.37
UK (England);Total;2023-34;-1.41
UK (England);Total;2023-35;-0.87
UK (England);Total;2023-36;1.12
UK (England);Total;2023-37;-1.06
UK (England);Total;2023-38;-1.81
UK (England);Total;2023-39;-0.75
UK (England);Total;2023-40;-1.31
UK (England);Total;2023-41;-1.09
UK (England);Total;2023-42;0.51
UK (England);Total;2023-43;-0.2
UK (England);Total;2023-44;0.04
UK (England);Total;2023-45;-0.91
UK (England);Total;2023-46;-0.44
UK (England);Total;2023-47;-1.29
UK (England);Total;2023-48;-0.71
UK (England);Total;2023-49;1.43
UK (England);Total;2023-50;0.6
UK (England);Total;2023-51;0.56
UK (England);Total;2023-52;0.32
UK (England);Total;2024-01;0.31
UK (England);Total;2024-02;-0.47
UK (England);Total;2024-03;1.03
UK (England);Total;2024-04;0.65
UK (England);Total;2024-05;-0.36
UK (England);Total;2024-06;-0.57
UK (England);Total;2024-07;-1.38
UK (England);Total;2024-08;-1.88
UK (England);Total;2024-09;-1.54
UK (England);Total;2024-10;-1.43
UK (England);Total;2024-11;-1.12
UK (England);Total;2024-12;-2.12
UK (England);Total;2024-13;-0.98
UK (England);Total;2024-14;-1.13
UK (England);Total;2024-15;-1.86
UK (England);Total;2024-16;-1.76
UK (England);Total;2024-17;-0.69
UK (England);Total;2024-18;-0.21
UK (England);Total;2024-19;-0.69
UK (England);Total;2024-20;-1.49
UK (England);Total;2024-21;-1.54
UK (England);Total;2024-22;-1.8
UK (England);Total;2024-23;-0.91
UK (England);Total;2024-24;0.49
UK (England);Total;2024-25;1.24
UK (England);Total;2024-26;1.03
UK (England);Total;2024-27;-0.34
UK (England);Total;2024-28;-0.25
UK (England);Total;2024-29;1.21
UK (England);Total;2024-30;-0.22
UK (England);Total;2024-31;-0.01
UK (England);Total;2024-32;-0.89
UK (England);Total;2024-33;-1.2
UK (England);Total;2024-34;-1.55
UK (England);Total;2024-35;-1.37
UK (England);Total;2024-36;-1.18
UK (England);Total;2024-37;-1.61
UK (England);Total;2024-38;-0.11
UK (England);Total;2024-39;-0.67
UK (England);Total;2024-40;-0.37
UK (England);Total;2024-41;-0.11
UK (England);Total;2024-42;0.59
UK (England);Total;2024-43;-1.16
UK (England);Total;2024-44;-1.33
UK (England);Total;2024-45;-2.05
UK (England);Total;2024-46;-1.47
UK (England);Total;2024-47;0.33
UK (England);Total;2024-48;0.38
UK (England);Total;2024-49;-0.89
UK (England);Total;2024-50;-7.19
UK (Northern Ireland);Total;2018-52;-0.02
UK (Northern Ireland);Total;2019-01;0.64
UK (Northern Ireland);Total;2019-02;-0.01
UK (Northern Ireland);Total;2019-03;-1.16
UK (Northern Ireland);Total;2019-04;-2.49
UK (Northern Ireland);Total;2019-05;-0.66
UK (Northern Ireland);Total;2019-06;1.55
UK (Northern Ireland);Total;2019-07;0.48
UK (Northern Ireland);Total;2019-08;-0.57
UK (Northern Ireland);Total;2019-09;-0.92
UK (Northern Ireland);Total;2019-10;-0.9
UK (Northern Ireland);Total;2019-11;1.05
UK (Northern Ireland);Total;2019-12;-1.78
UK (Northern Ireland);Total;2019-13;-1.09
UK (Northern Ireland);Total;2019-14;0.76
UK (Northern Ireland);Total;2019-15;0.04
UK (Northern Ireland);Total;2019-16;0.72
UK (Northern Ireland);Total;2019-17;0.97
UK (Northern Ireland);Total;2019-18;1.87
UK (Northern Ireland);Total;2019-19;0.66
UK (Northern Ireland);Total;2019-20;0.74
UK (Northern Ireland);Total;2019-21;-0.29
UK (Northern Ireland);Total;2019-22;-1.16
UK (Northern Ireland);Total;2019-23;0.05
UK (Northern Ireland);Total;2019-24;1.32
UK (Northern Ireland);Total;2019-25;0.01
UK (Northern Ireland);Total;2019-26;0.3
UK (Northern Ireland);Total;2019-27;1.14
UK (Northern Ireland);Total;2019-28;-0.18
UK (Northern Ireland);Total;2019-29;0.47
UK (Northern Ireland);Total;2019-30;-1.4
UK (Northern Ireland);Total;2019-31;0.02
UK (Northern Ireland);Total;2019-32;0.28
UK (Northern Ireland);Total;2019-33;-0.74
UK (Northern Ireland);Total;2019-34;-0.57
UK (Northern Ireland);Total;2019-35;-0.47
UK (Northern Ireland);Total;2019-36;-0.02
UK (Northern Ireland);Total;2019-37;-1.29
UK (Northern Ireland);Total;2019-38;0.54
UK (Northern Ireland);Total;2019-39;-0.41
UK (Northern Ireland);Total;2019-40;-1.29
UK (Northern Ireland);Total;2019-41;-0.13
UK (Northern Ireland);Total;2019-42;-0.13
UK (Northern Ireland);Total;2019-43;-0.08
UK (Northern Ireland);Total;2019-44;0.26
UK (Northern Ireland);Total;2019-45;0.64
UK (Northern Ireland);Total;2019-46;0.92
UK (Northern Ireland);Total;2019-47;-0.03
UK (Northern Ireland);Total;2019-48;0.55
UK (Northern Ireland);Total;2019-49;0.92
UK (Northern Ireland);Total;2019-50;2.08
UK (Northern Ireland);Total;2019-51;1.81
UK (Northern Ireland);Total;2019-52;0.21
UK (Northern Ireland);Total;2020-01;0.56
UK (Northern Ireland);Total;2020-02;1.04
UK (Northern Ireland);Total;2020-03;1.95
UK (Northern Ireland);Total;2020-04;-1.68
UK (Northern Ireland);Total;2020-05;-0.41
UK (Northern Ireland);Total;2020-06;-1.15
UK (Northern Ireland);Total;2020-07;-0.53
UK (Northern Ireland);Total;2020-08;-0.15
UK (Northern Ireland);Total;2020-09;-0.35
UK (Northern Ireland);Total;2020-10;-0.51
UK (Northern Ireland);Total;2020-11;0.39
UK (Northern Ireland);Total;2020-12;-0.74
UK (Northern Ireland);Total;2020-13;1.51
UK (Northern Ireland);Total;2020-14;3.78
UK (Northern Ireland);Total;2020-15;6.74
UK (Northern Ireland);Total;2020-16;5.26
UK (Northern Ireland);Total;2020-17;4.74
UK (Northern Ireland);Total;2020-18;4.83
UK (Northern Ireland);Total;2020-19;2.68
UK (Northern Ireland);Total;2020-20;1.89
UK (Northern Ireland);Total;2020-21;1.81
UK (Northern Ireland);Total;2020-22;1.97
UK (Northern Ireland);Total;2020-23;0.64
UK (Northern Ireland);Total;2020-24;-0.91
UK (Northern Ireland);Total;2020-25;-0.33
UK (Northern Ireland);Total;2020-26;0.39
UK (Northern Ireland);Total;2020-27;-0.81
UK (Northern Ireland);Total;2020-28;-1.19
UK (Northern Ireland);Total;2020-29;-0.21
UK (Northern Ireland);Total;2020-30;2.27
UK (Northern Ireland);Total;2020-31;0.02
UK (Northern Ireland);Total;2020-32;0.64
UK (Northern Ireland);Total;2020-33;-0.46
UK (Northern Ireland);Total;2020-34;1.4
UK (Northern Ireland);Total;2020-35;-0.3
UK (Northern Ireland);Total;2020-36;-0.74
UK (Northern Ireland);Total;2020-37;1.02
UK (Northern Ireland);Total;2020-38;1.01
UK (Northern Ireland);Total;2020-39;1.53
UK (Northern Ireland);Total;2020-40;1.88
UK (Northern Ireland);Total;2020-41;0.34
UK (Northern Ireland);Total;2020-42;0.68
UK (Northern Ireland);Total;2020-43;2.45
UK (Northern Ireland);Total;2020-44;3.15
UK (Northern Ireland);Total;2020-45;4.09
UK (Northern Ireland);Total;2020-46;3.05
UK (Northern Ireland);Total;2020-47;2.11
UK (Northern Ireland);Total;2020-48;0.75
UK (Northern Ireland);Total;2020-49;1.64
UK (Northern Ireland);Total;2020-50;2.04
UK (Northern Ireland);Total;2020-51;2.31
UK (Northern Ireland);Total;2020-52;3.52
UK (Northern Ireland);Total;2020-53;3.29
UK (Northern Ireland);Total;2021-01;3.71
UK (Northern Ireland);Total;2021-02;5.6
UK (Northern Ireland);Total;2021-03;2.82
UK (Northern Ireland);Total;2021-04;3.03
UK (Northern Ireland);Total;2021-05;2.88
UK (Northern Ireland);Total;2021-06;0.09
UK (Northern Ireland);Total;2021-07;-0.3
UK (Northern Ireland);Total;2021-08;-1.21
UK (Northern Ireland);Total;2021-09;-1.56
UK (Northern Ireland);Total;2021-10;-1.59
UK (Northern Ireland);Total;2021-11;-1.6
UK (Northern Ireland);Total;2021-12;-1.6
UK (Northern Ireland);Total;2021-13;-2.38
UK (Northern Ireland);Total;2021-14;-2.32
UK (Northern Ireland);Total;2021-15;-0.55
UK (Northern Ireland);Total;2021-16;-1.67
UK (Northern Ireland);Total;2021-17;-0.37
UK (Northern Ireland);Total;2021-18;-0.84
UK (Northern Ireland);Total;2021-19;0.42
UK (Northern Ireland);Total;2021-20;-1.38
UK (Northern Ireland);Total;2021-21;-0.22
UK (Northern Ireland);Total;2021-22;-1.44
UK (Northern Ireland);Total;2021-23;0.26
UK (Northern Ireland);Total;2021-24;1.19
UK (Northern Ireland);Total;2021-25;0.51
UK (Northern Ireland);Total;2021-26;-0.14
UK (Northern Ireland);Total;2021-27;-0.14
UK (Northern Ireland);Total;2021-28;1.41
UK (Northern Ireland);Total;2021-29;2.64
UK (Northern Ireland);Total;2021-30;1.43
UK (Northern Ireland);Total;2021-31;2.57
UK (Northern Ireland);Total;2021-32;2.94
UK (Northern Ireland);Total;2021-33;2.9
UK (Northern Ireland);Total;2021-34;3.71
UK (Northern Ireland);Total;2021-35;3.11
UK (Northern Ireland);Total;2021-36;4.58
UK (Northern Ireland);Total;2021-37;4.14
UK (Northern Ireland);Total;2021-38;1.23
UK (Northern Ireland);Total;2021-39;3.16
UK (Northern Ireland);Total;2021-40;0.98
UK (Northern Ireland);Total;2021-41;0.38
UK (Northern Ireland);Total;2021-42;2.14
UK (Northern Ireland);Total;2021-43;1.69
UK (Northern Ireland);Total;2021-44;3.16
UK (Northern Ireland);Total;2021-45;1.02
UK (Northern Ireland);Total;2021-46;3.09
UK (Northern Ireland);Total;2021-47;1.96
UK (Northern Ireland);Total;2021-48;2.2
UK (Northern Ireland);Total;2021-49;1.9
UK (Northern Ireland);Total;2021-50;1.46
UK (Northern Ireland);Total;2021-51;0.46
UK (Northern Ireland);Total;2021-52;1.65
UK (Northern Ireland);Total;2022-01;0.52
UK (Northern Ireland);Total;2022-02;-0.81
UK (Northern Ireland);Total;2022-03;-0.2
UK (Northern Ireland);Total;2022-04;0.18
UK (Northern Ireland);Total;2022-05;0.62
UK (Northern Ireland);Total;2022-06;-1.59
UK (Northern Ireland);Total;2022-07;-0.28
UK (Northern Ireland);Total;2022-08;-0.58
UK (Northern Ireland);Total;2022-09;-0.51
UK (Northern Ireland);Total;2022-10;-0.79
UK (Northern Ireland);Total;2022-11;0.65
UK (Northern Ireland);Total;2022-12;-0.03
UK (Northern Ireland);Total;2022-13;1.16
UK (Northern Ireland);Total;2022-14;1.82
UK (Northern Ireland);Total;2022-15;0.77
UK (Northern Ireland);Total;2022-16;-0.33
UK (Northern Ireland);Total;2022-17;-0.23
UK (Northern Ireland);Total;2022-18;-0.54
UK (Northern Ireland);Total;2022-19;0.8
UK (Northern Ireland);Total;2022-20;0.18
UK (Northern Ireland);Total;2022-21;-0.58
UK (Northern Ireland);Total;2022-22;-0.17
UK (Northern Ireland);Total;2022-23;-1.44
UK (Northern Ireland);Total;2022-24;2.03
UK (Northern Ireland);Total;2022-25;1.92
UK (Northern Ireland);Total;2022-26;1.3
UK (Northern Ireland);Total;2022-27;1.79
UK (Northern Ireland);Total;2022-28;2.4
UK (Northern Ireland);Total;2022-29;2.78
UK (Northern Ireland);Total;2022-30;1.56
UK (Northern Ireland);Total;2022-31;-0.23
UK (Northern Ireland);Total;2022-32;0.76
UK (Northern Ireland);Total;2022-33;0.28
UK (Northern Ireland);Total;2022-34;0.03
UK (Northern Ireland);Total;2022-35;0.5
UK (Northern Ireland);Total;2022-36;1.69
UK (Northern Ireland);Total;2022-37;-1.69
UK (Northern Ireland);Total;2022-38;-0.68
UK (Northern Ireland);Total;2022-39;-0.06
UK (Northern Ireland);Total;2022-40;0.53
UK (Northern Ireland);Total;2022-41;0.81
UK (Northern Ireland);Total;2022-42;2.99
UK (Northern Ireland);Total;2022-43;1.75
UK (Northern Ireland);Total;2022-44;2.21
UK (Northern Ireland);Total;2022-45;1.49
UK (Northern Ireland);Total;2022-46;1.28
UK (Northern Ireland);Total;2022-47;0.33
UK (Northern Ireland);Total;2022-48;1.6
UK (Northern Ireland);Total;2022-49;-0.29
UK (Northern Ireland);Total;2022-50;2.68
UK (Northern Ireland);Total;2022-51;4.95
UK (Northern Ireland);Total;2022-52;4.74
UK (Northern Ireland);Total;2023-01;4.14
UK (Northern Ireland);Total;2023-02;1.22
UK (Northern Ireland);Total;2023-03;0.23
UK (Northern Ireland);Total;2023-04;0.76
UK (Northern Ireland);Total;2023-05;0.06
UK (Northern Ireland);Total;2023-06;-0.59
UK (Northern Ireland);Total;2023-07;-0.57
UK (Northern Ireland);Total;2023-08;-1.2
UK (Northern Ireland);Total;2023-09;-0.46
UK (Northern Ireland);Total;2023-10;0.06
UK (Northern Ireland);Total;2023-11;-0.45
UK (Northern Ireland);Total;2023-12;-0.52
UK (Northern Ireland);Total;2023-13;-0.49
UK (Northern Ireland);Total;2023-14;-0.64
UK (Northern Ireland);Total;2023-15;0.21
UK (Northern Ireland);Total;2023-16;1.31
UK (Northern Ireland);Total;2023-17;-0.11
UK (Northern Ireland);Total;2023-18;-0.76
UK (Northern Ireland);Total;2023-19;-0.32
UK (Northern Ireland);Total;2023-20;0.01
UK (Northern Ireland);Total;2023-21;0.48
UK (Northern Ireland);Total;2023-22;-1.66
UK (Northern Ireland);Total;2023-23;0.62
UK (Northern Ireland);Total;2023-24;2.16
UK (Northern Ireland);Total;2023-25;0.24
UK (Northern Ireland);Total;2023-26;0.16
UK (Northern Ireland);Total;2023-27;0.91
UK (Northern Ireland);Total;2023-28;-1.42
UK (Northern Ireland);Total;2023-29;0.41
UK (Northern Ireland);Total;2023-30;-1.52
UK (Northern Ireland);Total;2023-31;1.77
UK (Northern Ireland);Total;2023-32;0.45
UK (Northern Ireland);Total;2023-33;0.08
UK (Northern Ireland);Total;2023-34;1.44
UK (Northern Ireland);Total;2023-35;-0.75
UK (Northern Ireland);Total;2023-36;0.65
UK (Northern Ireland);Total;2023-37;0.15
UK (Northern Ireland);Total;2023-38;-0.27
UK (Northern Ireland);Total;2023-39;1.3
UK (Northern Ireland);Total;2023-40;-0.8
UK (Northern Ireland);Total;2023-41;-1.3
UK (Northern Ireland);Total;2023-42;-0.57
UK (Northern Ireland);Total;2023-43;1.12
UK (Northern Ireland);Total;2023-44;2.3
UK (Northern Ireland);Total;2023-45;0.82
UK (Northern Ireland);Total;2023-46;0.13
UK (Northern Ireland);Total;2023-47;0.56
UK (Northern Ireland);Total;2023-48;-0.4
UK (Northern Ireland);Total;2023-49;0.53
UK (Northern Ireland);Total;2023-50;-0.92
UK (Northern Ireland);Total;2023-51;-0.98
UK (Northern Ireland);Total;2023-52;0.91
UK (Northern Ireland);Total;2024-01;0.43
UK (Northern Ireland);Total;2024-02;-0.3
UK (Northern Ireland);Total;2024-03;0.08
UK (Northern Ireland);Total;2024-04;1.38
UK (Northern Ireland);Total;2024-05;1.56
UK (Northern Ireland);Total;2024-06;0.91
UK (Northern Ireland);Total;2024-07;-1.05
UK (Northern Ireland);Total;2024-08;0.23
UK (Northern Ireland);Total;2024-09;-0.66
UK (Northern Ireland);Total;2024-10;-0.63
UK (Northern Ireland);Total;2024-11;-0.53
UK (Northern Ireland);Total;2024-12;-0.87
UK (Northern Ireland);Total;2024-13;-0.52
UK (Northern Ireland);Total;2024-14;-0.25
UK (Northern Ireland);Total;2024-15;-1.1
UK (Northern Ireland);Total;2024-16;-0.1
UK (Northern Ireland);Total;2024-17;-0.77
UK (Northern Ireland);Total;2024-18;0.63
UK (Northern Ireland);Total;2024-19;-0.83
UK (Northern Ireland);Total;2024-20;-0.3
UK (Northern Ireland);Total;2024-21;-0.13
UK (Northern Ireland);Total;2024-22;-1.18
UK (Northern Ireland);Total;2024-23;-0.08
UK (Northern Ireland);Total;2024-24;1.19
UK (Northern Ireland);Total;2024-25;0.04
UK (Northern Ireland);Total;2024-26;-0.57
UK (Northern Ireland);Total;2024-27;0.66
UK (Northern Ireland);Total;2024-28;0.09
UK (Northern Ireland);Total;2024-29;0.64
UK (Northern Ireland);Total;2024-30;1.23
UK (Northern Ireland);Total;2024-31;0.41
UK (Northern Ireland);Total;2024-32;-0.64
UK (Northern Ireland);Total;2024-33;0.22
UK (Northern Ireland);Total;2024-34;-0.6
UK (Northern Ireland);Total;2024-35;-1.39
UK (Northern Ireland);Total;2024-36;-0.2
UK (Northern Ireland);Total;2024-37;-0.27
UK (Northern Ireland);Total;2024-38;-0.59
UK (Northern Ireland);Total;2024-39;-0.4
UK (Northern Ireland);Total;2024-40;-0.34
UK (Northern Ireland);Total;2024-41;-0.31
UK (Northern Ireland);Total;2024-42;-0.12
UK (Northern Ireland);Total;2024-43;-0.7
UK (Northern Ireland);Total;2024-44;-1.24
UK (Northern Ireland);Total;2024-45;-1.65
UK (Northern Ireland);Total;2024-46;-2.56
UK (Northern Ireland);Total;2024-47;0.04
UK (Northern Ireland);Total;2024-48;1.21
UK (Northern Ireland);Total;2024-49;0.08
UK (Northern Ireland);Total;2024-50;-5.26
UK (Scotland);Total;2018-52;3.37
UK (Scotland);Total;2019-01;1.62
UK (Scotland);Total;2019-02;3.36
UK (Scotland);Total;2019-03;1.22
UK (Scotland);Total;2019-04;0.44
UK (Scotland);Total;2019-05;0.51
UK (Scotland);Total;2019-06;0.52
UK (Scotland);Total;2019-07;1.36
UK (Scotland);Total;2019-08;0.11
UK (Scotland);Total;2019-09;-0.88
UK (Scotland);Total;2019-10;-0.25
UK (Scotland);Total;2019-11;-0.83
UK (Scotland);Total;2019-12;-1.03
UK (Scotland);Total;2019-13;-2.44
UK (Scotland);Total;2019-14;-1.57
UK (Scotland);Total;2019-15;-1.91
UK (Scotland);Total;2019-16;-0.42
UK (Scotland);Total;2019-17;-0.4
UK (Scotland);Total;2019-18;-0.54
UK (Scotland);Total;2019-19;1.65
UK (Scotland);Total;2019-20;0.68
UK (Scotland);Total;2019-21;-0.84
UK (Scotland);Total;2019-22;-0.65
UK (Scotland);Total;2019-23;-1.1
UK (Scotland);Total;2019-24;-0.12
UK (Scotland);Total;2019-25;1.02
UK (Scotland);Total;2019-26;-0.09
UK (Scotland);Total;2019-27;-0.9
UK (Scotland);Total;2019-28;0.39
UK (Scotland);Total;2019-29;-0.39
UK (Scotland);Total;2019-30;0.5
UK (Scotland);Total;2019-31;-0.26
UK (Scotland);Total;2019-32;-0.92
UK (Scotland);Total;2019-33;0.39
UK (Scotland);Total;2019-34;-0.63
UK (Scotland);Total;2019-35;-1.44
UK (Scotland);Total;2019-36;0.05
UK (Scotland);Total;2019-37;-0.41
UK (Scotland);Total;2019-38;2.19
UK (Scotland);Total;2019-39;0.61
UK (Scotland);Total;2019-40;0.13
UK (Scotland);Total;2019-41;1.83
UK (Scotland);Total;2019-42;0.16
UK (Scotland);Total;2019-43;0.38
UK (Scotland);Total;2019-44;0.26
UK (Scotland);Total;2019-45;0.04
UK (Scotland);Total;2019-46;2.58
UK (Scotland);Total;2019-47;-0.09
UK (Scotland);Total;2019-48;-0.45
UK (Scotland);Total;2019-49;2.67
UK (Scotland);Total;2019-50;1.73
UK (Scotland);Total;2019-51;2.63
UK (Scotland);Total;2019-52;1.64
UK (Scotland);Total;2020-01;1.93
UK (Scotland);Total;2020-02;2.02
UK (Scotland);Total;2020-03;-0.44
UK (Scotland);Total;2020-04;0.69
UK (Scotland);Total;2020-05;-0.41
UK (Scotland);Total;2020-06;-0.05
UK (Scotland);Total;2020-07;-0.31
UK (Scotland);Total;2020-08;0.04
UK (Scotland);Total;2020-09;0.53
UK (Scotland);Total;2020-10;0.26
UK (Scotland);Total;2020-11;0.72
UK (Scotland);Total;2020-12;1.53
UK (Scotland);Total;2020-13;4.79
UK (Scotland);Total;2020-14;12.92
UK (Scotland);Total;2020-15;16.18
UK (Scotland);Total;2020-16;15.05
UK (Scotland);Total;2020-17;13.9
UK (Scotland);Total;2020-18;10.7
UK (Scotland);Total;2020-19;8.62
UK (Scotland);Total;2020-20;3.84
UK (Scotland);Total;2020-21;3.4
UK (Scotland);Total;2020-22;2.79
UK (Scotland);Total;2020-23;-0.01
UK (Scotland);Total;2020-24;-0.74
UK (Scotland);Total;2020-25;0.34
UK (Scotland);Total;2020-26;-0.07
UK (Scotland);Total;2020-27;-2.21
UK (Scotland);Total;2020-28;0.2
UK (Scotland);Total;2020-29;-0.57
UK (Scotland);Total;2020-30;-0.32
UK (Scotland);Total;2020-31;-0.19
UK (Scotland);Total;2020-32;-1.76
UK (Scotland);Total;2020-33;-1.76
UK (Scotland);Total;2020-34;-0.29
UK (Scotland);Total;2020-35;-1.26
UK (Scotland);Total;2020-36;-0.51
UK (Scotland);Total;2020-37;-0.97
UK (Scotland);Total;2020-38;-1.75
UK (Scotland);Total;2020-39;0.42
UK (Scotland);Total;2020-40;-0.5
UK (Scotland);Total;2020-41;0.79
UK (Scotland);Total;2020-42;0.64
UK (Scotland);Total;2020-43;2.02
UK (Scotland);Total;2020-44;3.43
UK (Scotland);Total;2020-45;2.3
UK (Scotland);Total;2020-46;5.25
UK (Scotland);Total;2020-47;3.09
UK (Scotland);Total;2020-48;2.96
UK (Scotland);Total;2020-49;2.74
UK (Scotland);Total;2020-50;2.94
UK (Scotland);Total;2020-51;2.58
UK (Scotland);Total;2020-52;6.01
UK (Scotland);Total;2020-53;4.25
UK (Scotland);Total;2021-01;4.36
UK (Scotland);Total;2021-02;5.61
UK (Scotland);Total;2021-03;8.4
UK (Scotland);Total;2021-04;5.7
UK (Scotland);Total;2021-05;4.48
UK (Scotland);Total;2021-06;4.8
UK (Scotland);Total;2021-07;3.19
UK (Scotland);Total;2021-08;0.06
UK (Scotland);Total;2021-09;-1.74
UK (Scotland);Total;2021-10;-1
UK (Scotland);Total;2021-11;-1.2
UK (Scotland);Total;2021-12;-1.02
UK (Scotland);Total;2021-13;-2.61
UK (Scotland);Total;2021-14;-1.99
UK (Scotland);Total;2021-15;-1.22
UK (Scotland);Total;2021-16;-1.78
UK (Scotland);Total;2021-17;-2.33
UK (Scotland);Total;2021-18;-1.22
UK (Scotland);Total;2021-19;-1.07
UK (Scotland);Total;2021-20;0.02
UK (Scotland);Total;2021-21;0.37
UK (Scotland);Total;2021-22;0.6
UK (Scotland);Total;2021-23;0.43
UK (Scotland);Total;2021-24;-0.09
UK (Scotland);Total;2021-25;0.58
UK (Scotland);Total;2021-26;1.28
UK (Scotland);Total;2021-27;2.83
UK (Scotland);Total;2021-28;1.29
UK (Scotland);Total;2021-29;2.54
UK (Scotland);Total;2021-30;0.32
UK (Scotland);Total;2021-31;1.33
UK (Scotland);Total;2021-32;1.17
UK (Scotland);Total;2021-33;0.93
UK (Scotland);Total;2021-34;2.02
UK (Scotland);Total;2021-35;2.41
UK (Scotland);Total;2021-36;4.43
UK (Scotland);Total;2021-37;4.35
UK (Scotland);Total;2021-38;2.81
UK (Scotland);Total;2021-39;4.42
UK (Scotland);Total;2021-40;4.67
UK (Scotland);Total;2021-41;3.96
UK (Scotland);Total;2021-42;3.94
UK (Scotland);Total;2021-43;4.93
UK (Scotland);Total;2021-44;2.55
UK (Scotland);Total;2021-45;2.91
UK (Scotland);Total;2021-46;1.54
UK (Scotland);Total;2021-47;2.71
UK (Scotland);Total;2021-48;2.93
UK (Scotland);Total;2021-49;2.9
UK (Scotland);Total;2021-50;2.18
UK (Scotland);Total;2021-51;1.5
UK (Scotland);Total;2021-52;3.86
UK (Scotland);Total;2022-01;1.92
UK (Scotland);Total;2022-02;2.63
UK (Scotland);Total;2022-03;-0.28
UK (Scotland);Total;2022-04;0.16
UK (Scotland);Total;2022-05;-0.26
UK (Scotland);Total;2022-06;-1.26
UK (Scotland);Total;2022-07;-0.12
UK (Scotland);Total;2022-08;-0.7
UK (Scotland);Total;2022-09;1.01
UK (Scotland);Total;2022-10;0.47
UK (Scotland);Total;2022-11;1.07
UK (Scotland);Total;2022-12;2.28
UK (Scotland);Total;2022-13;2.28
UK (Scotland);Total;2022-14;0.59
UK (Scotland);Total;2022-15;2.18
UK (Scotland);Total;2022-16;1.43
UK (Scotland);Total;2022-17;0.89
UK (Scotland);Total;2022-18;1.21
UK (Scotland);Total;2022-19;0.43
UK (Scotland);Total;2022-20;-0.12
UK (Scotland);Total;2022-21;-0.66
UK (Scotland);Total;2022-22;0.11
UK (Scotland);Total;2022-23;1.56
UK (Scotland);Total;2022-24;1.91
UK (Scotland);Total;2022-25;1.29
UK (Scotland);Total;2022-26;2.17
UK (Scotland);Total;2022-27;1.09
UK (Scotland);Total;2022-28;1.98
UK (Scotland);Total;2022-29;2.43
UK (Scotland);Total;2022-30;0.99
UK (Scotland);Total;2022-31;0.7
UK (Scotland);Total;2022-32;3.01
UK (Scotland);Total;2022-33;-1.16
UK (Scotland);Total;2022-34;0.69
UK (Scotland);Total;2022-35;0.17
UK (Scotland);Total;2022-36;1.18
UK (Scotland);Total;2022-37;-0.26
UK (Scotland);Total;2022-38;2.38
UK (Scotland);Total;2022-39;1.64
UK (Scotland);Total;2022-40;2.89
UK (Scotland);Total;2022-41;1.21
UK (Scotland);Total;2022-42;2.83
UK (Scotland);Total;2022-43;2.05
UK (Scotland);Total;2022-44;0.55
UK (Scotland);Total;2022-45;3
UK (Scotland);Total;2022-46;1.37
UK (Scotland);Total;2022-47;1.69
UK (Scotland);Total;2022-48;1.11
UK (Scotland);Total;2022-49;2.46
UK (Scotland);Total;2022-50;7.2
UK (Scotland);Total;2022-51;8.59
UK (Scotland);Total;2022-52;8.31
UK (Scotland);Total;2023-01;10.05
UK (Scotland);Total;2023-02;5.61
UK (Scotland);Total;2023-03;3.73
UK (Scotland);Total;2023-04;2.01
UK (Scotland);Total;2023-05;1.31
UK (Scotland);Total;2023-06;1.12
UK (Scotland);Total;2023-07;0.35
UK (Scotland);Total;2023-08;0.82
UK (Scotland);Total;2023-09;0.6
UK (Scotland);Total;2023-10;3.01
UK (Scotland);Total;2023-11;1.97
UK (Scotland);Total;2023-12;1.7
UK (Scotland);Total;2023-13;0.66
UK (Scotland);Total;2023-14;1.27
UK (Scotland);Total;2023-15;1.3
UK (Scotland);Total;2023-16;-0.31
UK (Scotland);Total;2023-17;1.57
UK (Scotland);Total;2023-18;0.66
UK (Scotland);Total;2023-19;0.35
UK (Scotland);Total;2023-20;0.89
UK (Scotland);Total;2023-21;-0.47
UK (Scotland);Total;2023-22;-0.19
UK (Scotland);Total;2023-23;0.73
UK (Scotland);Total;2023-24;1.22
UK (Scotland);Total;2023-25;-0.66
UK (Scotland);Total;2023-26;-0.23
UK (Scotland);Total;2023-27;-0.24
UK (Scotland);Total;2023-28;-0.19
UK (Scotland);Total;2023-29;-0.07
UK (Scotland);Total;2023-30;0.11
UK (Scotland);Total;2023-31;-1.1
UK (Scotland);Total;2023-32;1.82
UK (Scotland);Total;2023-33;-0.6
UK (Scotland);Total;2023-34;-0.34
UK (Scotland);Total;2023-35;-1.49
UK (Scotland);Total;2023-36;-0.1
UK (Scotland);Total;2023-37;-1.29
UK (Scotland);Total;2023-38;-0.05
UK (Scotland);Total;2023-39;-0.27
UK (Scotland);Total;2023-40;0.64
UK (Scotland);Total;2023-41;0.22
UK (Scotland);Total;2023-42;0.59
UK (Scotland);Total;2023-43;-0.44
UK (Scotland);Total;2023-44;0.5
UK (Scotland);Total;2023-45;0.47
UK (Scotland);Total;2023-46;0.48
UK (Scotland);Total;2023-47;0.3
UK (Scotland);Total;2023-48;-0.27
UK (Scotland);Total;2023-49;1.11
UK (Scotland);Total;2023-50;1.35
UK (Scotland);Total;2023-51;2.14
UK (Scotland);Total;2023-52;2.22
UK (Scotland);Total;2024-01;2.49
UK (Scotland);Total;2024-02;0.01
UK (Scotland);Total;2024-03;2.27
UK (Scotland);Total;2024-04;2.55
UK (Scotland);Total;2024-05;0.75
UK (Scotland);Total;2024-06;0.58
UK (Scotland);Total;2024-07;0.29
UK (Scotland);Total;2024-08;-1.07
UK (Scotland);Total;2024-09;0.24
UK (Scotland);Total;2024-10;-0.85
UK (Scotland);Total;2024-11;1.07
UK (Scotland);Total;2024-12;-0.64
UK (Scotland);Total;2024-13;0.02
UK (Scotland);Total;2024-14;0.7
UK (Scotland);Total;2024-15;0.97
UK (Scotland);Total;2024-16;-0.02
UK (Scotland);Total;2024-17;-1.24
UK (Scotland);Total;2024-18;-0.3
UK (Scotland);Total;2024-19;0.23
UK (Scotland);Total;2024-20;-0.27
UK (Scotland);Total;2024-21;-1.31
UK (Scotland);Total;2024-22;0.23
UK (Scotland);Total;2024-23;-1.38
UK (Scotland);Total;2024-24;1.45
UK (Scotland);Total;2024-25;1.17
UK (Scotland);Total;2024-26;-0.76
UK (Scotland);Total;2024-27;1.44
UK (Scotland);Total;2024-28;0.57
UK (Scotland);Total;2024-29;0.69
UK (Scotland);Total;2024-30;0.15
UK (Scotland);Total;2024-31;-1.16
UK (Scotland);Total;2024-32;-0.06
UK (Scotland);Total;2024-33;-1.28
UK (Scotland);Total;2024-34;-0.3
UK (Scotland);Total;2024-35;-1.34
UK (Scotland);Total;2024-36;-0.27
UK (Scotland);Total;2024-37;-1.49
UK (Scotland);Total;2024-38;-0.93
UK (Scotland);Total;2024-39;0.29
UK (Scotland);Total;2024-40;0.78
UK (Scotland);Total;2024-41;0.29
UK (Scotland);Total;2024-42;1.22
UK (Scotland);Total;2024-43;-0.83
UK (Scotland);Total;2024-44;-0.66
UK (Scotland);Total;2024-45;-1.99
UK (Scotland);Total;2024-46;-2.6
UK (Scotland);Total;2024-47;0.66
UK (Scotland);Total;2024-48;1.18
UK (Scotland);Total;2024-49;1.51
UK (Scotland);Total;2024-50;0.65
UK (Wales);Total;2018-52;-1.27
UK (Wales);Total;2019-01;0.39
UK (Wales);Total;2019-02;0.15
UK (Wales);Total;2019-03;-0.85
UK (Wales);Total;2019-04;0.18
UK (Wales);Total;2019-05;0.01
UK (Wales);Total;2019-06;-0.36
UK (Wales);Total;2019-07;0.21
UK (Wales);Total;2019-08;-0.92
UK (Wales);Total;2019-09;-1.86
UK (Wales);Total;2019-10;-1.51
UK (Wales);Total;2019-11;0
UK (Wales);Total;2019-12;-1.48
UK (Wales);Total;2019-13;-1.46
UK (Wales);Total;2019-14;-0.24
UK (Wales);Total;2019-15;1
UK (Wales);Total;2019-16;1.52
UK (Wales);Total;2019-17;-0.66
UK (Wales);Total;2019-18;0.6
UK (Wales);Total;2019-19;0.25
UK (Wales);Total;2019-20;0.64
UK (Wales);Total;2019-21;-1.91
UK (Wales);Total;2019-22;0.48
UK (Wales);Total;2019-23;-0.28
UK (Wales);Total;2019-24;-1.01
UK (Wales);Total;2019-25;-0.69
UK (Wales);Total;2019-26;-0.07
UK (Wales);Total;2019-27;-0.2
UK (Wales);Total;2019-28;0.06
UK (Wales);Total;2019-29;-0.42
UK (Wales);Total;2019-30;0.49
UK (Wales);Total;2019-31;-1.1
UK (Wales);Total;2019-32;0.15
UK (Wales);Total;2019-33;-0.91
UK (Wales);Total;2019-34;1.02
UK (Wales);Total;2019-35;-0.37
UK (Wales);Total;2019-36;-0.28
UK (Wales);Total;2019-37;0.13
UK (Wales);Total;2019-38;0.35
UK (Wales);Total;2019-39;0.67
UK (Wales);Total;2019-40;-0.72
UK (Wales);Total;2019-41;0.39
UK (Wales);Total;2019-42;1.7
UK (Wales);Total;2019-43;-0.14
UK (Wales);Total;2019-44;-0.36
UK (Wales);Total;2019-45;-0.25
UK (Wales);Total;2019-46;0.95
UK (Wales);Total;2019-47;0.45
UK (Wales);Total;2019-48;0.63
UK (Wales);Total;2019-49;0.04
UK (Wales);Total;2019-50;0.32
UK (Wales);Total;2019-51;1.94
UK (Wales);Total;2019-52;1.96
UK (Wales);Total;2020-01;3.06
UK (Wales);Total;2020-02;1.33
UK (Wales);Total;2020-03;0
UK (Wales);Total;2020-04;-0.04
UK (Wales);Total;2020-05;1.63
UK (Wales);Total;2020-06;-0.16
UK (Wales);Total;2020-07;-0.51
UK (Wales);Total;2020-08;-1.9
UK (Wales);Total;2020-09;-1.75
UK (Wales);Total;2020-10;-0.23
UK (Wales);Total;2020-11;-0.29
UK (Wales);Total;2020-12;0.57
UK (Wales);Total;2020-13;4.44
UK (Wales);Total;2020-14;7.97
UK (Wales);Total;2020-15;12.7
UK (Wales);Total;2020-16;10.78
UK (Wales);Total;2020-17;9.08
UK (Wales);Total;2020-18;5.59
UK (Wales);Total;2020-19;4.17
UK (Wales);Total;2020-20;2.21
UK (Wales);Total;2020-21;0.8
UK (Wales);Total;2020-22;1.53
UK (Wales);Total;2020-23;0.9
UK (Wales);Total;2020-24;1.02
UK (Wales);Total;2020-25;-0.42
UK (Wales);Total;2020-26;1.25
UK (Wales);Total;2020-27;-0.44
UK (Wales);Total;2020-28;-0.27
UK (Wales);Total;2020-29;0.1
UK (Wales);Total;2020-30;-0.21
UK (Wales);Total;2020-31;-0.07
UK (Wales);Total;2020-32;0.92
UK (Wales);Total;2020-33;1.31
UK (Wales);Total;2020-34;0.19
UK (Wales);Total;2020-35;-1.44
UK (Wales);Total;2020-36;-2.07
UK (Wales);Total;2020-37;-1.54
UK (Wales);Total;2020-38;-0.03
UK (Wales);Total;2020-39;1.82
UK (Wales);Total;2020-40;0.17
UK (Wales);Total;2020-41;1.5
UK (Wales);Total;2020-42;1.25
UK (Wales);Total;2020-43;2.73
UK (Wales);Total;2020-44;3.24
UK (Wales);Total;2020-45;3.27
UK (Wales);Total;2020-46;3.83
UK (Wales);Total;2020-47;3.82
UK (Wales);Total;2020-48;2.78
UK (Wales);Total;2020-49;3.95
UK (Wales);Total;2020-50;4.51
UK (Wales);Total;2020-51;6.45
UK (Wales);Total;2020-52;5.28
UK (Wales);Total;2020-53;8.13
UK (Wales);Total;2021-01;7.92
UK (Wales);Total;2021-02;8.63
UK (Wales);Total;2021-03;6.03
UK (Wales);Total;2021-04;3.58
UK (Wales);Total;2021-05;1.75
UK (Wales);Total;2021-06;2.42
UK (Wales);Total;2021-07;0.92
UK (Wales);Total;2021-08;-1.66
UK (Wales);Total;2021-09;-1.42
UK (Wales);Total;2021-10;-1.84
UK (Wales);Total;2021-11;-2.09
UK (Wales);Total;2021-12;-2.44
UK (Wales);Total;2021-13;-2.04
UK (Wales);Total;2021-14;-2.62
UK (Wales);Total;2021-15;-2.87
UK (Wales);Total;2021-16;-0.87
UK (Wales);Total;2021-17;-1.98
UK (Wales);Total;2021-18;-0.96
UK (Wales);Total;2021-19;-0.92
UK (Wales);Total;2021-20;-0.77
UK (Wales);Total;2021-21;-1.37
UK (Wales);Total;2021-22;-0.67
UK (Wales);Total;2021-23;-0.86
UK (Wales);Total;2021-24;-0.12
UK (Wales);Total;2021-25;-0.36
UK (Wales);Total;2021-26;1.05
UK (Wales);Total;2021-27;-0.66
UK (Wales);Total;2021-28;1.61
UK (Wales);Total;2021-29;4.43
UK (Wales);Total;2021-30;1.39
UK (Wales);Total;2021-31;1.77
UK (Wales);Total;2021-32;0.1
UK (Wales);Total;2021-33;0.4
UK (Wales);Total;2021-34;0.58
UK (Wales);Total;2021-35;0.54
UK (Wales);Total;2021-36;2.08
UK (Wales);Total;2021-37;3.04
UK (Wales);Total;2021-38;0.34
UK (Wales);Total;2021-39;3.59
UK (Wales);Total;2021-40;2.31
UK (Wales);Total;2021-41;1.9
UK (Wales);Total;2021-42;3.45
UK (Wales);Total;2021-43;3.28
UK (Wales);Total;2021-44;1.54
UK (Wales);Total;2021-45;2.5
UK (Wales);Total;2021-46;1.82
UK (Wales);Total;2021-47;-0.13
UK (Wales);Total;2021-48;0.86
UK (Wales);Total;2021-49;1.83
UK (Wales);Total;2021-50;1.2
UK (Wales);Total;2021-51;2.44
UK (Wales);Total;2021-52;1.65
UK (Wales);Total;2022-01;2.05
UK (Wales);Total;2022-02;-0.17
UK (Wales);Total;2022-03;-1.19
UK (Wales);Total;2022-04;-0.37
UK (Wales);Total;2022-05;-0.99
UK (Wales);Total;2022-06;-1.43
UK (Wales);Total;2022-07;-1.74
UK (Wales);Total;2022-08;0.76
UK (Wales);Total;2022-09;-1.42
UK (Wales);Total;2022-10;-1.36
UK (Wales);Total;2022-11;-0.86
UK (Wales);Total;2022-12;0.47
UK (Wales);Total;2022-13;-0.36
UK (Wales);Total;2022-14;1.76
UK (Wales);Total;2022-15;2.51
UK (Wales);Total;2022-16;0.87
UK (Wales);Total;2022-17;1.21
UK (Wales);Total;2022-18;0.35
UK (Wales);Total;2022-19;2.37
UK (Wales);Total;2022-20;0.44
UK (Wales);Total;2022-21;-0.35
UK (Wales);Total;2022-22;1.36
UK (Wales);Total;2022-23;0.94
UK (Wales);Total;2022-24;2.16
UK (Wales);Total;2022-25;0.85
UK (Wales);Total;2022-26;1.27
UK (Wales);Total;2022-27;1.63
UK (Wales);Total;2022-28;2.96
UK (Wales);Total;2022-29;3.67
UK (Wales);Total;2022-30;0.83
UK (Wales);Total;2022-31;1.71
UK (Wales);Total;2022-32;3.27
UK (Wales);Total;2022-33;1.81
UK (Wales);Total;2022-34;1.74
UK (Wales);Total;2022-35;-0.34
UK (Wales);Total;2022-36;0.66
UK (Wales);Total;2022-37;0.39
UK (Wales);Total;2022-38;0.15
UK (Wales);Total;2022-39;1.4
UK (Wales);Total;2022-40;1.73
UK (Wales);Total;2022-41;1.21
UK (Wales);Total;2022-42;1.6
UK (Wales);Total;2022-43;1.59
UK (Wales);Total;2022-44;0.07
UK (Wales);Total;2022-45;0.26
UK (Wales);Total;2022-46;1.04
UK (Wales);Total;2022-47;0.16
UK (Wales);Total;2022-48;-0.3
UK (Wales);Total;2022-49;3.13
UK (Wales);Total;2022-50;6.28
UK (Wales);Total;2022-51;9.09
UK (Wales);Total;2022-52;7.98
UK (Wales);Total;2023-01;6.47
UK (Wales);Total;2023-02;2.66
UK (Wales);Total;2023-03;1.02
UK (Wales);Total;2023-04;-0.62
UK (Wales);Total;2023-05;-0.92
UK (Wales);Total;2023-06;-0.84
UK (Wales);Total;2023-07;-1.78
UK (Wales);Total;2023-08;-1.18
UK (Wales);Total;2023-09;-0.96
UK (Wales);Total;2023-10;0.06
UK (Wales);Total;2023-11;1.93
UK (Wales);Total;2023-12;0.08
UK (Wales);Total;2023-13;-1.07
UK (Wales);Total;2023-14;-0.5
UK (Wales);Total;2023-15;0.24
UK (Wales);Total;2023-16;-0.55
UK (Wales);Total;2023-17;0.42
UK (Wales);Total;2023-18;0.34
UK (Wales);Total;2023-19;-1.18
UK (Wales);Total;2023-20;-0.11
UK (Wales);Total;2023-21;-0.34
UK (Wales);Total;2023-22;-0.43
UK (Wales);Total;2023-23;0.49
UK (Wales);Total;2023-24;0.51
UK (Wales);Total;2023-25;-0.88
UK (Wales);Total;2023-26;0
UK (Wales);Total;2023-27;1.64
UK (Wales);Total;2023-28;-0.99
UK (Wales);Total;2023-29;0.92
UK (Wales);Total;2023-30;0.14
UK (Wales);Total;2023-31;-0.36
UK (Wales);Total;2023-32;0.72
UK (Wales);Total;2023-33;0.96
UK (Wales);Total;2023-34;0.34
UK (Wales);Total;2023-35;-0.59
UK (Wales);Total;2023-36;1.08
UK (Wales);Total;2023-37;-0.17
UK (Wales);Total;2023-38;-1.06
UK (Wales);Total;2023-39;-0.28
UK (Wales);Total;2023-40;-1.88
UK (Wales);Total;2023-41;-2.09
UK (Wales);Total;2023-42;-1.1
UK (Wales);Total;2023-43;-0.53
UK (Wales);Total;2023-44;0.65
UK (Wales);Total;2023-45;-0.27
UK (Wales);Total;2023-46;-2.08
UK (Wales);Total;2023-47;-0.64
UK (Wales);Total;2023-48;-1.29
UK (Wales);Total;2023-49;0.07
UK (Wales);Total;2023-50;0.62
UK (Wales);Total;2023-51;-0.05
UK (Wales);Total;2023-52;-0.73
UK (Wales);Total;2024-01;-0.28
UK (Wales);Total;2024-02;-0.33
UK (Wales);Total;2024-03;-1.16
UK (Wales);Total;2024-04;0.84
UK (Wales);Total;2024-05;-1.27
UK (Wales);Total;2024-06;-0.34
UK (Wales);Total;2024-07;-1.69
UK (Wales);Total;2024-08;-1.82
UK (Wales);Total;2024-09;0.12
UK (Wales);Total;2024-10;-0.15
UK (Wales);Total;2024-11;-0.79
UK (Wales);Total;2024-12;-1.3
UK (Wales);Total;2024-13;-0.31
UK (Wales);Total;2024-14;-2.11
UK (Wales);Total;2024-15;-1.65
UK (Wales);Total;2024-16;-0.76
UK (Wales);Total;2024-17;-2.32
UK (Wales);Total;2024-18;0.18
UK (Wales);Total;2024-19;-0.4
UK (Wales);Total;2024-20;-0.17
UK (Wales);Total;2024-21;-0.76
UK (Wales);Total;2024-22;-1.17
UK (Wales);Total;2024-23;-1.18
UK (Wales);Total;2024-24;1.13
UK (Wales);Total;2024-25;1.47
UK (Wales);Total;2024-26;0.81
UK (Wales);Total;2024-27;-0.38
UK (Wales);Total;2024-28;2.05
UK (Wales);Total;2024-29;1.18
UK (Wales);Total;2024-30;-0.05
UK (Wales);Total;2024-31;2.49
UK (Wales);Total;2024-32;-0.43
UK (Wales);Total;2024-33;-1.54
UK (Wales);Total;2024-34;0.24
UK (Wales);Total;2024-35;-0.28
UK (Wales);Total;2024-36;-1.49
UK (Wales);Total;2024-37;-1.36
UK (Wales);Total;2024-38;0.11
UK (Wales);Total;2024-39;-0.01
UK (Wales);Total;2024-40;2.04
UK (Wales);Total;2024-41;-1.24
UK (Wales);Total;2024-42;-1
UK (Wales);Total;2024-43;0.2
UK (Wales);Total;2024-44;-2.7
UK (Wales);Total;2024-45;-2.91
UK (Wales);Total;2024-46;-2.54
UK (Wales);Total;2024-47;0.79
UK (Wales);Total;2024-48;-0.02
UK (Wales);Total;2024-49;-6.08
UK (Wales);Total;2024-50;-15.1